store_name,menu_name,price,calories,carbs,sugars,protein,fat,saturated_fat,trans_fat,cholesterol,sodium,allergens_scraped,ingredients_raw,category
BurgerKing,크리스퍼 랩 양념 치킨,5300,342,0,6.0,12.0,0,3.0,0,0,682,"원산지 쇠고기 - 호주산과 뉴질랜드산 섞음/뉴질랜드산과 호주산 섞음 : 와퍼류, 더블오리지널치즈맥시멈2,3, 원파운더, 골든에그트러플머쉬룸, 딥트러플머쉬룸더블 - 호주산과 뉴질랜드산 섞음/뉴질랜드산과 호주산 섞음 : 버거류 (주니어 포함) - 호주산과 뉴질랜드산 섞음 : 오리지널스 뉴욕스테이크, 오리지널스 메이플갈릭 * 와퍼류와 버거류의 쇠고기 원산지는 버거킹 APP 또는 매장 영수증, 주문 전 매장에서 확인 가능합니다. 돼지고기 - 외국산 : 베이컨(오리지널스 뉴욕스테이크, 오리지널스 메이플갈릭, 크리스퍼 클래식BLT, 몬스터와퍼",매콤달콤한 한국식 양념소스로 더 맛있어진 크리스퍼 랩,추천메뉴
BurgerKing,크리스퍼 랩 불닭 치킨,4700,299,0,4.0,13.0,0,3.0,0,0,775,"원산지 쇠고기 - 호주산과 뉴질랜드산 섞음/뉴질랜드산과 호주산 섞음 : 와퍼류, 더블오리지널치즈맥시멈2,3, 원파운더, 골든에그트러플머쉬룸, 딥트러플머쉬룸더블 - 호주산과 뉴질랜드산 섞음/뉴질랜드산과 호주산 섞음 : 버거류 (주니어 포함) - 호주산과 뉴질랜드산 섞음 : 오리지널스 뉴욕스테이크, 오리지널스 메이플갈릭 * 와퍼류와 버거류의 쇠고기 원산지는 버거킹 APP 또는 매장 영수증, 주문 전 매장에서 확인 가능합니다. 돼지고기 - 외국산 : 베이컨(오리지널스 뉴욕스테이크, 오리지널스 메이플갈릭, 크리스퍼 클래식BLT, 몬스터와퍼",중독되는 매운맛으로 더 맛있어진 크리스퍼 랩,추천메뉴
BurgerKing,크리스퍼 불닭 치킨 라지세트,9100,1079,0,63.0,30.0,0,11.0,0,0,572,"원산지 쇠고기 - 호주산과 뉴질랜드산 섞음/뉴질랜드산과 호주산 섞음 : 와퍼류, 더블오리지널치즈맥시멈2,3, 원파운더, 골든에그트러플머쉬룸, 딥트러플머쉬룸더블 - 호주산과 뉴질랜드산 섞음/뉴질랜드산과 호주산 섞음 : 버거류 (주니어 포함) - 호주산과 뉴질랜드산 섞음 : 오리지널스 뉴욕스테이크, 오리지널스 메이플갈릭 * 와퍼류와 버거류의 쇠고기 원산지는 버거킹 APP 또는 매장 영수증, 주문 전 매장에서 확인 가능합니다. 돼지고기 - 외국산 : 베이컨(오리지널스 뉴욕스테이크, 오리지널스 메이플갈릭, 크리스퍼 클래식BLT, 몬스터와퍼",두툼한 통닭가슴살에 먹을 수록 중독되는 불닭소스,추천메뉴
BurgerKing,크리스퍼 불닭 치킨 세트,9300,923,0,46.0,28.0,0,10.0,0,0,1792,"원산지 쇠고기 - 호주산과 뉴질랜드산 섞음/뉴질랜드산과 호주산 섞음 : 와퍼류, 더블오리지널치즈맥시멈2,3, 원파운더, 골든에그트러플머쉬룸, 딥트러플머쉬룸더블 - 호주산과 뉴질랜드산 섞음/뉴질랜드산과 호주산 섞음 : 버거류 (주니어 포함) - 호주산과 뉴질랜드산 섞음 : 오리지널스 뉴욕스테이크, 오리지널스 메이플갈릭 * 와퍼류와 버거류의 쇠고기 원산지는 버거킹 APP 또는 매장 영수증, 주문 전 매장에서 확인 가능합니다. 돼지고기 - 외국산 : 베이컨(오리지널스 뉴욕스테이크, 오리지널스 메이플갈릭, 크리스퍼 클래식BLT, 몬스터와퍼",두툼한 통닭가슴살에 먹을 수록 중독되는 불닭소스,추천메뉴
BurgerKing,크리스퍼 불닭 치킨,5300,494,0,7.0,25.0,0,6.0,0,0,1442,"원산지 쇠고기 - 호주산과 뉴질랜드산 섞음/뉴질랜드산과 호주산 섞음 : 와퍼류, 더블오리지널치즈맥시멈2,3, 원파운더, 골든에그트러플머쉬룸, 딥트러플머쉬룸더블 - 호주산과 뉴질랜드산 섞음/뉴질랜드산과 호주산 섞음 : 버거류 (주니어 포함) - 호주산과 뉴질랜드산 섞음 : 오리지널스 뉴욕스테이크, 오리지널스 메이플갈릭 * 와퍼류와 버거류의 쇠고기 원산지는 버거킹 APP 또는 매장 영수증, 주문 전 매장에서 확인 가능합니다. 돼지고기 - 외국산 : 베이컨(오리지널스 뉴욕스테이크, 오리지널스 메이플갈릭, 크리스퍼 클래식BLT, 몬스터와퍼",두툼한 통닭가슴살에 먹을 수록 중독되는 불닭소스,추천메뉴
BurgerKing,크리스퍼 양념 치킨 라지세트,9600,1247,0,72.0,32.0,0,11.0,0,0,515,"원산지 쇠고기 - 호주산과 뉴질랜드산 섞음/뉴질랜드산과 호주산 섞음 : 와퍼류, 더블오리지널치즈맥시멈2,3, 원파운더, 골든에그트러플머쉬룸, 딥트러플머쉬룸더블 - 호주산과 뉴질랜드산 섞음/뉴질랜드산과 호주산 섞음 : 버거류 (주니어 포함) - 호주산과 뉴질랜드산 섞음 : 오리지널스 뉴욕스테이크, 오리지널스 메이플갈릭 * 와퍼류와 버거류의 쇠고기 원산지는 버거킹 APP 또는 매장 영수증, 주문 전 매장에서 확인 가능합니다. 돼지고기 - 외국산 : 베이컨(오리지널스 뉴욕스테이크, 오리지널스 메이플갈릭, 크리스퍼 클래식BLT, 몬스터와퍼",두툼한 통닭가슴살에 매콤달콤한 추억의 한국식 양념소스가 듬뿍,추천메뉴
BurgerKing,크리스퍼 양념 치킨,4800,662,0,16.0,27.0,0,7.0,0,0,1611,"원산지 쇠고기 - 호주산과 뉴질랜드산 섞음/뉴질랜드산과 호주산 섞음 : 와퍼류, 더블오리지널치즈맥시멈2,3, 원파운더, 골든에그트러플머쉬룸, 딥트러플머쉬룸더블 - 호주산과 뉴질랜드산 섞음/뉴질랜드산과 호주산 섞음 : 버거류 (주니어 포함) - 호주산과 뉴질랜드산 섞음 : 오리지널스 뉴욕스테이크, 오리지널스 메이플갈릭 * 와퍼류와 버거류의 쇠고기 원산지는 버거킹 APP 또는 매장 영수증, 주문 전 매장에서 확인 가능합니다. 돼지고기 - 외국산 : 베이컨(오리지널스 뉴욕스테이크, 오리지널스 메이플갈릭, 크리스퍼 클래식BLT, 몬스터와퍼",두툼한 통닭가슴살에 매콤달콤한 추억의 한국식 양념소스가 듬뿍,추천메뉴
BurgerKing,크리스퍼 양념 치킨 세트,9700,1091,0,55.0,31.0,0,10.0,0,0,1960,"원산지 쇠고기 - 호주산과 뉴질랜드산 섞음/뉴질랜드산과 호주산 섞음 : 와퍼류, 더블오리지널치즈맥시멈2,3, 원파운더, 골든에그트러플머쉬룸, 딥트러플머쉬룸더블 - 호주산과 뉴질랜드산 섞음/뉴질랜드산과 호주산 섞음 : 버거류 (주니어 포함) - 호주산과 뉴질랜드산 섞음 : 오리지널스 뉴욕스테이크, 오리지널스 메이플갈릭 * 와퍼류와 버거류의 쇠고기 원산지는 버거킹 APP 또는 매장 영수증, 주문 전 매장에서 확인 가능합니다. 돼지고기 - 외국산 : 베이컨(오리지널스 뉴욕스테이크, 오리지널스 메이플갈릭, 크리스퍼 클래식BLT, 몬스터와퍼",두툼한 통닭가슴살에 매콤달콤한 추억의 한국식 양념소스가 듬뿍,추천메뉴
BurgerKing,골든 에그 트러플 머쉬룸 라지세트,9400,1326,0,61.0,41.0,0,22.0,0,0,547,"원산지 쇠고기 - 호주산과 뉴질랜드산 섞음/뉴질랜드산과 호주산 섞음 : 와퍼류, 더블오리지널치즈맥시멈2,3, 원파운더, 골든에그트러플머쉬룸, 딥트러플머쉬룸더블 - 호주산과 뉴질랜드산 섞음/뉴질랜드산과 호주산 섞음 : 버거류 (주니어 포함) - 호주산과 뉴질랜드산 섞음 : 오리지널스 뉴욕스테이크, 오리지널스 메이플갈릭 * 와퍼류와 버거류의 쇠고기 원산지는 버거킹 APP 또는 매장 영수증, 주문 전 매장에서 확인 가능합니다. 돼지고기 - 외국산 : 베이컨(오리지널스 뉴욕스테이크, 오리지널스 메이플갈릭, 크리스퍼 클래식BLT, 몬스터와퍼",고소한 오버이지 에그와 트러플 풍미의 환상적 하모니,추천메뉴
BurgerKing,골든 에그 트러플 머쉬룸,4800,741,0,5.0,36.0,0,18.0,0,0,1258,"원산지 쇠고기 - 호주산과 뉴질랜드산 섞음/뉴질랜드산과 호주산 섞음 : 와퍼류, 더블오리지널치즈맥시멈2,3, 원파운더, 골든에그트러플머쉬룸, 딥트러플머쉬룸더블 - 호주산과 뉴질랜드산 섞음/뉴질랜드산과 호주산 섞음 : 버거류 (주니어 포함) - 호주산과 뉴질랜드산 섞음 : 오리지널스 뉴욕스테이크, 오리지널스 메이플갈릭 * 와퍼류와 버거류의 쇠고기 원산지는 버거킹 APP 또는 매장 영수증, 주문 전 매장에서 확인 가능합니다. 돼지고기 - 외국산 : 베이컨(오리지널스 뉴욕스테이크, 오리지널스 메이플갈릭, 크리스퍼 클래식BLT, 몬스터와퍼",고소한 오버이지 에그와 트러플 풍미의 환상적 하모니,추천메뉴
BurgerKing,골든 에그 트러플 머쉬룸 세트,9600,1170,0,44.0,39.0,0,21.0,0,0,1608,"원산지 쇠고기 - 호주산과 뉴질랜드산 섞음/뉴질랜드산과 호주산 섞음 : 와퍼류, 더블오리지널치즈맥시멈2,3, 원파운더, 골든에그트러플머쉬룸, 딥트러플머쉬룸더블 - 호주산과 뉴질랜드산 섞음/뉴질랜드산과 호주산 섞음 : 버거류 (주니어 포함) - 호주산과 뉴질랜드산 섞음 : 오리지널스 뉴욕스테이크, 오리지널스 메이플갈릭 * 와퍼류와 버거류의 쇠고기 원산지는 버거킹 APP 또는 매장 영수증, 주문 전 매장에서 확인 가능합니다. 돼지고기 - 외국산 : 베이컨(오리지널스 뉴욕스테이크, 오리지널스 메이플갈릭, 크리스퍼 클래식BLT, 몬스터와퍼",고소한 오버이지 에그와 트러플 풍미의 환상적 하모니,추천메뉴
BurgerKing,트러플 머쉬룸 와퍼 세트,10100,1191,0,46.0,41.0,0,19.0,0,0,1545,"원산지 쇠고기 - 호주산과 뉴질랜드산 섞음/뉴질랜드산과 호주산 섞음 : 와퍼류, 더블오리지널치즈맥시멈2,3, 원파운더, 골든에그트러플머쉬룸, 딥트러플머쉬룸더블 - 호주산과 뉴질랜드산 섞음/뉴질랜드산과 호주산 섞음 : 버거류 (주니어 포함) - 호주산과 뉴질랜드산 섞음 : 오리지널스 뉴욕스테이크, 오리지널스 메이플갈릭 * 와퍼류와 버거류의 쇠고기 원산지는 버거킹 APP 또는 매장 영수증, 주문 전 매장에서 확인 가능합니다. 돼지고기 - 외국산 : 베이컨(오리지널스 뉴욕스테이크, 오리지널스 메이플갈릭, 크리스퍼 클래식BLT, 몬스터와퍼",진한 트러플 향과 4가지 버섯의 깊은 풍미,추천메뉴
BurgerKing,트러플 머쉬룸 와퍼,7100,761,0,6.0,37.0,0,16.0,0,0,1195,"원산지 쇠고기 - 호주산과 뉴질랜드산 섞음/뉴질랜드산과 호주산 섞음 : 와퍼류, 더블오리지널치즈맥시멈2,3, 원파운더, 골든에그트러플머쉬룸, 딥트러플머쉬룸더블 - 호주산과 뉴질랜드산 섞음/뉴질랜드산과 호주산 섞음 : 버거류 (주니어 포함) - 호주산과 뉴질랜드산 섞음 : 오리지널스 뉴욕스테이크, 오리지널스 메이플갈릭 * 와퍼류와 버거류의 쇠고기 원산지는 버거킹 APP 또는 매장 영수증, 주문 전 매장에서 확인 가능합니다. 돼지고기 - 외국산 : 베이컨(오리지널스 뉴욕스테이크, 오리지널스 메이플갈릭, 크리스퍼 클래식BLT, 몬스터와퍼",진한 트러플 향과 4가지 버섯의 깊은 풍미,추천메뉴
BurgerKing,트러플 머쉬룸 와퍼 라지세트,10100,1346,0,63.0,42.0,0,21.0,0,0,1660,"원산지 쇠고기 - 호주산과 뉴질랜드산 섞음/뉴질랜드산과 호주산 섞음 : 와퍼류, 더블오리지널치즈맥시멈2,3, 원파운더, 골든에그트러플머쉬룸, 딥트러플머쉬룸더블 - 호주산과 뉴질랜드산 섞음/뉴질랜드산과 호주산 섞음 : 버거류 (주니어 포함) - 호주산과 뉴질랜드산 섞음 : 오리지널스 뉴욕스테이크, 오리지널스 메이플갈릭 * 와퍼류와 버거류의 쇠고기 원산지는 버거킹 APP 또는 매장 영수증, 주문 전 매장에서 확인 가능합니다. 돼지고기 - 외국산 : 베이컨(오리지널스 뉴욕스테이크, 오리지널스 메이플갈릭, 크리스퍼 클래식BLT, 몬스터와퍼",진한 트러플 향과 4가지 버섯의 깊은 풍미,추천메뉴
BurgerKing,핫 트러플 머쉬룸 와퍼,7100,724,0,7.0,35.0,0,14.0,0,0,1278,"원산지 쇠고기 - 호주산과 뉴질랜드산 섞음/뉴질랜드산과 호주산 섞음 : 와퍼류, 더블오리지널치즈맥시멈2,3, 원파운더, 골든에그트러플머쉬룸, 딥트러플머쉬룸더블 - 호주산과 뉴질랜드산 섞음/뉴질랜드산과 호주산 섞음 : 버거류 (주니어 포함) - 호주산과 뉴질랜드산 섞음 : 오리지널스 뉴욕스테이크, 오리지널스 메이플갈릭 * 와퍼류와 버거류의 쇠고기 원산지는 버거킹 APP 또는 매장 영수증, 주문 전 매장에서 확인 가능합니다. 돼지고기 - 외국산 : 베이컨(오리지널스 뉴욕스테이크, 오리지널스 메이플갈릭, 크리스퍼 클래식BLT, 몬스터와퍼",매콤한 트러플 소스의 색다른 매력,추천메뉴
BurgerKing,핫 트러플 머쉬룸 와퍼 라지세트,10100,1309,0,63.0,40.0,0,18.0,0,0,1743,"원산지 쇠고기 - 호주산과 뉴질랜드산 섞음/뉴질랜드산과 호주산 섞음 : 와퍼류, 더블오리지널치즈맥시멈2,3, 원파운더, 골든에그트러플머쉬룸, 딥트러플머쉬룸더블 - 호주산과 뉴질랜드산 섞음/뉴질랜드산과 호주산 섞음 : 버거류 (주니어 포함) - 호주산과 뉴질랜드산 섞음 : 오리지널스 뉴욕스테이크, 오리지널스 메이플갈릭 * 와퍼류와 버거류의 쇠고기 원산지는 버거킹 APP 또는 매장 영수증, 주문 전 매장에서 확인 가능합니다. 돼지고기 - 외국산 : 베이컨(오리지널스 뉴욕스테이크, 오리지널스 메이플갈릭, 크리스퍼 클래식BLT, 몬스터와퍼",매콤한 트러플 소스의 색다른 매력,추천메뉴
BurgerKing,핫 트러플 머쉬룸 와퍼 세트,10100,1154,0,46.0,39.0,0,17.0,0,0,1628,"원산지 쇠고기 - 호주산과 뉴질랜드산 섞음/뉴질랜드산과 호주산 섞음 : 와퍼류, 더블오리지널치즈맥시멈2,3, 원파운더, 골든에그트러플머쉬룸, 딥트러플머쉬룸더블 - 호주산과 뉴질랜드산 섞음/뉴질랜드산과 호주산 섞음 : 버거류 (주니어 포함) - 호주산과 뉴질랜드산 섞음 : 오리지널스 뉴욕스테이크, 오리지널스 메이플갈릭 * 와퍼류와 버거류의 쇠고기 원산지는 버거킹 APP 또는 매장 영수증, 주문 전 매장에서 확인 가능합니다. 돼지고기 - 외국산 : 베이컨(오리지널스 뉴욕스테이크, 오리지널스 메이플갈릭, 크리스퍼 클래식BLT, 몬스터와퍼",매콤한 트러플 소스의 색다른 매력,추천메뉴
BurgerKing,딥 트러플 머쉬룸 더블 세트,9500,1423,0,45.0,55.0,0,28.0,0,0,1604,"원산지 쇠고기 - 호주산과 뉴질랜드산 섞음/뉴질랜드산과 호주산 섞음 : 와퍼류, 더블오리지널치즈맥시멈2,3, 원파운더, 골든에그트러플머쉬룸, 딥트러플머쉬룸더블 - 호주산과 뉴질랜드산 섞음/뉴질랜드산과 호주산 섞음 : 버거류 (주니어 포함) - 호주산과 뉴질랜드산 섞음 : 오리지널스 뉴욕스테이크, 오리지널스 메이플갈릭 * 와퍼류와 버거류의 쇠고기 원산지는 버거킹 APP 또는 매장 영수증, 주문 전 매장에서 확인 가능합니다. 돼지고기 - 외국산 : 베이컨(오리지널스 뉴욕스테이크, 오리지널스 메이플갈릭, 크리스퍼 클래식BLT, 몬스터와퍼",더욱 딥한 트러플 풍미의 더블 버거,추천메뉴
BurgerKing,딥 트러플 머쉬룸 더블 라지세트,9600,1578,0,62.0,56.0,0,29.0,0,0,1719,"원산지 쇠고기 - 호주산과 뉴질랜드산 섞음/뉴질랜드산과 호주산 섞음 : 와퍼류, 더블오리지널치즈맥시멈2,3, 원파운더, 골든에그트러플머쉬룸, 딥트러플머쉬룸더블 - 호주산과 뉴질랜드산 섞음/뉴질랜드산과 호주산 섞음 : 버거류 (주니어 포함) - 호주산과 뉴질랜드산 섞음 : 오리지널스 뉴욕스테이크, 오리지널스 메이플갈릭 * 와퍼류와 버거류의 쇠고기 원산지는 버거킹 APP 또는 매장 영수증, 주문 전 매장에서 확인 가능합니다. 돼지고기 - 외국산 : 베이컨(오리지널스 뉴욕스테이크, 오리지널스 메이플갈릭, 크리스퍼 클래식BLT, 몬스터와퍼",더욱 딥한 트러플 풍미의 더블 버거,추천메뉴
BurgerKing,딥 트러플 머쉬룸 더블,5300,993,0,5.0,51.0,0,24.0,0,0,1254,"원산지 쇠고기 - 호주산과 뉴질랜드산 섞음/뉴질랜드산과 호주산 섞음 : 와퍼류, 더블오리지널치즈맥시멈2,3, 원파운더, 골든에그트러플머쉬룸, 딥트러플머쉬룸더블 - 호주산과 뉴질랜드산 섞음/뉴질랜드산과 호주산 섞음 : 버거류 (주니어 포함) - 호주산과 뉴질랜드산 섞음 : 오리지널스 뉴욕스테이크, 오리지널스 메이플갈릭 * 와퍼류와 버거류의 쇠고기 원산지는 버거킹 APP 또는 매장 영수증, 주문 전 매장에서 확인 가능합니다. 돼지고기 - 외국산 : 베이컨(오리지널스 뉴욕스테이크, 오리지널스 메이플갈릭, 크리스퍼 클래식BLT, 몬스터와퍼",더욱 딥한 트러플 풍미의 더블 버거,추천메뉴
BurgerKing,딥 트러플 프라이,5500,384,0,2.0,4.0,0,6.0,0,0,529,"원산지 쇠고기 - 호주산과 뉴질랜드산 섞음/뉴질랜드산과 호주산 섞음 : 와퍼류, 더블오리지널치즈맥시멈2,3, 원파운더, 골든에그트러플머쉬룸, 딥트러플머쉬룸더블 - 호주산과 뉴질랜드산 섞음/뉴질랜드산과 호주산 섞음 : 버거류 (주니어 포함) - 호주산과 뉴질랜드산 섞음 : 오리지널스 뉴욕스테이크, 오리지널스 메이플갈릭 * 와퍼류와 버거류의 쇠고기 원산지는 버거킹 APP 또는 매장 영수증, 주문 전 매장에서 확인 가능합니다. 돼지고기 - 외국산 : 베이컨(오리지널스 뉴욕스테이크, 오리지널스 메이플갈릭, 크리스퍼 클래식BLT, 몬스터와퍼",딥한 풍미의 트러플 프라이,추천메뉴
BurgerKing,더오치 맥시멈2,4900,1018,0,9.0,53.0,0,29.0,0,0,2045,"원산지 쇠고기 - 호주산과 뉴질랜드산 섞음/뉴질랜드산과 호주산 섞음 : 와퍼류, 더블오리지널치즈맥시멈2,3, 원파운더, 골든에그트러플머쉬룸, 딥트러플머쉬룸더블 - 호주산과 뉴질랜드산 섞음/뉴질랜드산과 호주산 섞음 : 버거류 (주니어 포함) - 호주산과 뉴질랜드산 섞음 : 오리지널스 뉴욕스테이크, 오리지널스 메이플갈릭 * 와퍼류와 버거류의 쇠고기 원산지는 버거킹 APP 또는 매장 영수증, 주문 전 매장에서 확인 가능합니다. 돼지고기 - 외국산 : 베이컨(오리지널스 뉴욕스테이크, 오리지널스 메이플갈릭, 크리스퍼 클래식BLT, 몬스터와퍼",맥시멈에 도전하라,추천메뉴
BurgerKing,더오치 맥시멈2 세트,9400,1447,0,48.0,57.0,0,32.0,0,0,2395,"원산지 쇠고기 - 호주산과 뉴질랜드산 섞음/뉴질랜드산과 호주산 섞음 : 와퍼류, 더블오리지널치즈맥시멈2,3, 원파운더, 골든에그트러플머쉬룸, 딥트러플머쉬룸더블 - 호주산과 뉴질랜드산 섞음/뉴질랜드산과 호주산 섞음 : 버거류 (주니어 포함) - 호주산과 뉴질랜드산 섞음 : 오리지널스 뉴욕스테이크, 오리지널스 메이플갈릭 * 와퍼류와 버거류의 쇠고기 원산지는 버거킹 APP 또는 매장 영수증, 주문 전 매장에서 확인 가능합니다. 돼지고기 - 외국산 : 베이컨(오리지널스 뉴욕스테이크, 오리지널스 메이플갈릭, 크리스퍼 클래식BLT, 몬스터와퍼",맥시멈에 도전하라,추천메뉴
BurgerKing,딥 크런치 아포가토,4900,182,0,29.0,5.0,0,3.0,0,0,150,"원산지 쇠고기 - 호주산과 뉴질랜드산 섞음/뉴질랜드산과 호주산 섞음 : 와퍼류, 더블오리지널치즈맥시멈2,3, 원파운더, 골든에그트러플머쉬룸, 딥트러플머쉬룸더블 - 호주산과 뉴질랜드산 섞음/뉴질랜드산과 호주산 섞음 : 버거류 (주니어 포함) - 호주산과 뉴질랜드산 섞음 : 오리지널스 뉴욕스테이크, 오리지널스 메이플갈릭 * 와퍼류와 버거류의 쇠고기 원산지는 버거킹 APP 또는 매장 영수증, 주문 전 매장에서 확인 가능합니다. 돼지고기 - 외국산 : 베이컨(오리지널스 뉴욕스테이크, 오리지널스 메이플갈릭, 크리스퍼 클래식BLT, 몬스터와퍼",밀크 선데 위 진한 에스프레소와 단짠단짠 카라멜 크런치 토핑,추천메뉴
BurgerKing,오믈렛킹모닝,5300,496,0,5.0,15.0,0,8.0,0,0,952,"원산지 쇠고기 - 호주산과 뉴질랜드산 섞음/뉴질랜드산과 호주산 섞음 : 와퍼류, 더블오리지널치즈맥시멈2,3, 원파운더, 골든에그트러플머쉬룸, 딥트러플머쉬룸더블 - 호주산과 뉴질랜드산 섞음/뉴질랜드산과 호주산 섞음 : 버거류 (주니어 포함) - 호주산과 뉴질랜드산 섞음 : 오리지널스 뉴욕스테이크, 오리지널스 메이플갈릭 * 와퍼류와 버거류의 쇠고기 원산지는 버거킹 APP 또는 매장 영수증, 주문 전 매장에서 확인 가능합니다. 돼지고기 - 외국산 : 베이컨(오리지널스 뉴욕스테이크, 오리지널스 메이플갈릭, 크리스퍼 클래식BLT, 몬스터와퍼",부드러운 더블오믈렛과 소프트번의 조합,추천메뉴
BurgerKing,오믈렛킹모닝 콤보,9200,505,0,5.0,16.0,0,8.0,0,0,958,"원산지 쇠고기 - 호주산과 뉴질랜드산 섞음/뉴질랜드산과 호주산 섞음 : 와퍼류, 더블오리지널치즈맥시멈2,3, 원파운더, 골든에그트러플머쉬룸, 딥트러플머쉬룸더블 - 호주산과 뉴질랜드산 섞음/뉴질랜드산과 호주산 섞음 : 버거류 (주니어 포함) - 호주산과 뉴질랜드산 섞음 : 오리지널스 뉴욕스테이크, 오리지널스 메이플갈릭 * 와퍼류와 버거류의 쇠고기 원산지는 버거킹 APP 또는 매장 영수증, 주문 전 매장에서 확인 가능합니다. 돼지고기 - 외국산 : 베이컨(오리지널스 뉴욕스테이크, 오리지널스 메이플갈릭, 크리스퍼 클래식BLT, 몬스터와퍼",부드러운 더블오믈렛과 소프트번의 조합,추천메뉴
BurgerKing,BLT오믈렛킹모닝 콤보,9700,572,0,6.0,18.0,0,10.0,0,0,1070,"원산지 쇠고기 - 호주산과 뉴질랜드산 섞음/뉴질랜드산과 호주산 섞음 : 와퍼류, 더블오리지널치즈맥시멈2,3, 원파운더, 골든에그트러플머쉬룸, 딥트러플머쉬룸더블 - 호주산과 뉴질랜드산 섞음/뉴질랜드산과 호주산 섞음 : 버거류 (주니어 포함) - 호주산과 뉴질랜드산 섞음 : 오리지널스 뉴욕스테이크, 오리지널스 메이플갈릭 * 와퍼류와 버거류의 쇠고기 원산지는 버거킹 APP 또는 매장 영수증, 주문 전 매장에서 확인 가능합니다. 돼지고기 - 외국산 : 베이컨(오리지널스 뉴욕스테이크, 오리지널스 메이플갈릭, 크리스퍼 클래식BLT, 몬스터와퍼",부드러운 더블오믈렛과 소프트번의 조합,추천메뉴
BurgerKing,BLT오믈렛킹모닝,5400,561,0,6.0,17.0,0,10.0,0,0,1059,"원산지 쇠고기 - 호주산과 뉴질랜드산 섞음/뉴질랜드산과 호주산 섞음 : 와퍼류, 더블오리지널치즈맥시멈2,3, 원파운더, 골든에그트러플머쉬룸, 딥트러플머쉬룸더블 - 호주산과 뉴질랜드산 섞음/뉴질랜드산과 호주산 섞음 : 버거류 (주니어 포함) - 호주산과 뉴질랜드산 섞음 : 오리지널스 뉴욕스테이크, 오리지널스 메이플갈릭 * 와퍼류와 버거류의 쇠고기 원산지는 버거킹 APP 또는 매장 영수증, 주문 전 매장에서 확인 가능합니다. 돼지고기 - 외국산 : 베이컨(오리지널스 뉴욕스테이크, 오리지널스 메이플갈릭, 크리스퍼 클래식BLT, 몬스터와퍼",부드러운 더블오믈렛과 소프트번의 조합,추천메뉴
BurgerKing,더오치 맥시멈2 세트,9000,1447,0,48.0,57.0,0,32.0,0,0,2395,"원산지 쇠고기 - 호주산과 뉴질랜드산 섞음/뉴질랜드산과 호주산 섞음 : 와퍼류, 더블오리지널치즈맥시멈2,3, 원파운더, 골든에그트러플머쉬룸, 딥트러플머쉬룸더블 - 호주산과 뉴질랜드산 섞음/뉴질랜드산과 호주산 섞음 : 버거류 (주니어 포함) - 호주산과 뉴질랜드산 섞음 : 오리지널스 뉴욕스테이크, 오리지널스 메이플갈릭 * 와퍼류와 버거류의 쇠고기 원산지는 버거킹 APP 또는 매장 영수증, 주문 전 매장에서 확인 가능합니다. 돼지고기 - 외국산 : 베이컨(오리지널스 뉴욕스테이크, 오리지널스 메이플갈릭, 크리스퍼 클래식BLT, 몬스터와퍼",맥시멈에 도전하라,오리지널스&맥시멈
BurgerKing,더오치 맥시멈2,4900,1018,0,9.0,53.0,0,29.0,0,0,2045,"원산지 쇠고기 - 호주산과 뉴질랜드산 섞음/뉴질랜드산과 호주산 섞음 : 와퍼류, 더블오리지널치즈맥시멈2,3, 원파운더, 골든에그트러플머쉬룸, 딥트러플머쉬룸더블 - 호주산과 뉴질랜드산 섞음/뉴질랜드산과 호주산 섞음 : 버거류 (주니어 포함) - 호주산과 뉴질랜드산 섞음 : 오리지널스 뉴욕스테이크, 오리지널스 메이플갈릭 * 와퍼류와 버거류의 쇠고기 원산지는 버거킹 APP 또는 매장 영수증, 주문 전 매장에서 확인 가능합니다. 돼지고기 - 외국산 : 베이컨(오리지널스 뉴욕스테이크, 오리지널스 메이플갈릭, 크리스퍼 클래식BLT, 몬스터와퍼",맥시멈에 도전하라,오리지널스&맥시멈
BurgerKing,더오치 맥시멈3 라지세트,9200,2084,0,67.0,86.0,0,49.0,0,0,3559,"원산지 쇠고기 - 호주산과 뉴질랜드산 섞음/뉴질랜드산과 호주산 섞음 : 와퍼류, 더블오리지널치즈맥시멈2,3, 원파운더, 골든에그트러플머쉬룸, 딥트러플머쉬룸더블 - 호주산과 뉴질랜드산 섞음/뉴질랜드산과 호주산 섞음 : 버거류 (주니어 포함) - 호주산과 뉴질랜드산 섞음 : 오리지널스 뉴욕스테이크, 오리지널스 메이플갈릭 * 와퍼류와 버거류의 쇠고기 원산지는 버거킹 APP 또는 매장 영수증, 주문 전 매장에서 확인 가능합니다. 돼지고기 - 외국산 : 베이컨(오리지널스 뉴욕스테이크, 오리지널스 메이플갈릭, 크리스퍼 클래식BLT, 몬스터와퍼",맥시멈에 도전하라,오리지널스&맥시멈
BurgerKing,더오치 맥시멈3,5100,1499,0,11.0,81.0,0,44.0,0,0,3094,"원산지 쇠고기 - 호주산과 뉴질랜드산 섞음/뉴질랜드산과 호주산 섞음 : 와퍼류, 더블오리지널치즈맥시멈2,3, 원파운더, 골든에그트러플머쉬룸, 딥트러플머쉬룸더블 - 호주산과 뉴질랜드산 섞음/뉴질랜드산과 호주산 섞음 : 버거류 (주니어 포함) - 호주산과 뉴질랜드산 섞음 : 오리지널스 뉴욕스테이크, 오리지널스 메이플갈릭 * 와퍼류와 버거류의 쇠고기 원산지는 버거킹 APP 또는 매장 영수증, 주문 전 매장에서 확인 가능합니다. 돼지고기 - 외국산 : 베이컨(오리지널스 뉴욕스테이크, 오리지널스 메이플갈릭, 크리스퍼 클래식BLT, 몬스터와퍼",맥시멈에 도전하라,오리지널스&맥시멈
BurgerKing,더오치 맥시멈3 세트,9100,1928,0,50.0,84.0,0,48.0,0,0,3444,"원산지 쇠고기 - 호주산과 뉴질랜드산 섞음/뉴질랜드산과 호주산 섞음 : 와퍼류, 더블오리지널치즈맥시멈2,3, 원파운더, 골든에그트러플머쉬룸, 딥트러플머쉬룸더블 - 호주산과 뉴질랜드산 섞음/뉴질랜드산과 호주산 섞음 : 버거류 (주니어 포함) - 호주산과 뉴질랜드산 섞음 : 오리지널스 뉴욕스테이크, 오리지널스 메이플갈릭 * 와퍼류와 버거류의 쇠고기 원산지는 버거킹 APP 또는 매장 영수증, 주문 전 매장에서 확인 가능합니다. 돼지고기 - 외국산 : 베이컨(오리지널스 뉴욕스테이크, 오리지널스 메이플갈릭, 크리스퍼 클래식BLT, 몬스터와퍼",맥시멈에 도전하라,오리지널스&맥시멈
BurgerKing,더오치 맥시멈 원파운더 세트,9500,2218,0,57.0,110.0,0,61.0,0,0,3700,"원산지 쇠고기 - 호주산과 뉴질랜드산 섞음/뉴질랜드산과 호주산 섞음 : 와퍼류, 더블오리지널치즈맥시멈2,3, 원파운더, 골든에그트러플머쉬룸, 딥트러플머쉬룸더블 - 호주산과 뉴질랜드산 섞음/뉴질랜드산과 호주산 섞음 : 버거류 (주니어 포함) - 호주산과 뉴질랜드산 섞음 : 오리지널스 뉴욕스테이크, 오리지널스 메이플갈릭 * 와퍼류와 버거류의 쇠고기 원산지는 버거킹 APP 또는 매장 영수증, 주문 전 매장에서 확인 가능합니다. 돼지고기 - 외국산 : 베이컨(오리지널스 뉴욕스테이크, 오리지널스 메이플갈릭, 크리스퍼 클래식BLT, 몬스터와퍼",맥시멈에 도전하라,오리지널스&맥시멈
BurgerKing,더오치 맥시멈 원파운더,4700,1789,0,17.0,106.0,0,58.0,0,0,3351,"원산지 쇠고기 - 호주산과 뉴질랜드산 섞음/뉴질랜드산과 호주산 섞음 : 와퍼류, 더블오리지널치즈맥시멈2,3, 원파운더, 골든에그트러플머쉬룸, 딥트러플머쉬룸더블 - 호주산과 뉴질랜드산 섞음/뉴질랜드산과 호주산 섞음 : 버거류 (주니어 포함) - 호주산과 뉴질랜드산 섞음 : 오리지널스 뉴욕스테이크, 오리지널스 메이플갈릭 * 와퍼류와 버거류의 쇠고기 원산지는 버거킹 APP 또는 매장 영수증, 주문 전 매장에서 확인 가능합니다. 돼지고기 - 외국산 : 베이컨(오리지널스 뉴욕스테이크, 오리지널스 메이플갈릭, 크리스퍼 클래식BLT, 몬스터와퍼",맥시멈에 도전하라,오리지널스&맥시멈
BurgerKing,더오치 맥시멈 원파운더 라지세트,10000,2374,0,73.0,111.0,0,62.0,0,0,3815,"원산지 쇠고기 - 호주산과 뉴질랜드산 섞음/뉴질랜드산과 호주산 섞음 : 와퍼류, 더블오리지널치즈맥시멈2,3, 원파운더, 골든에그트러플머쉬룸, 딥트러플머쉬룸더블 - 호주산과 뉴질랜드산 섞음/뉴질랜드산과 호주산 섞음 : 버거류 (주니어 포함) - 호주산과 뉴질랜드산 섞음 : 오리지널스 뉴욕스테이크, 오리지널스 메이플갈릭 * 와퍼류와 버거류의 쇠고기 원산지는 버거킹 APP 또는 매장 영수증, 주문 전 매장에서 확인 가능합니다. 돼지고기 - 외국산 : 베이컨(오리지널스 뉴욕스테이크, 오리지널스 메이플갈릭, 크리스퍼 클래식BLT, 몬스터와퍼",맥시멈에 도전하라,오리지널스&맥시멈
BurgerKing,오리지널스 메이플 갈릭 라지세트,9700,1458,0,73.0,47.0,0,25.0,0,0,1546,"원산지 쇠고기 - 호주산과 뉴질랜드산 섞음/뉴질랜드산과 호주산 섞음 : 와퍼류, 더블오리지널치즈맥시멈2,3, 원파운더, 골든에그트러플머쉬룸, 딥트러플머쉬룸더블 - 호주산과 뉴질랜드산 섞음/뉴질랜드산과 호주산 섞음 : 버거류 (주니어 포함) - 호주산과 뉴질랜드산 섞음 : 오리지널스 뉴욕스테이크, 오리지널스 메이플갈릭 * 와퍼류와 버거류의 쇠고기 원산지는 버거킹 APP 또는 매장 영수증, 주문 전 매장에서 확인 가능합니다. 돼지고기 - 외국산 : 베이컨(오리지널스 뉴욕스테이크, 오리지널스 메이플갈릭, 크리스퍼 클래식BLT, 몬스터와퍼",150g 패티에 메이플 시럽과 통마늘 풍미가 어우러진 캐나다의 진한맛,오리지널스&맥시멈
BurgerKing,오리지널스 메이플 갈릭,4800,873,0,17.0,42.0,0,21.0,0,0,1081,"원산지 쇠고기 - 호주산과 뉴질랜드산 섞음/뉴질랜드산과 호주산 섞음 : 와퍼류, 더블오리지널치즈맥시멈2,3, 원파운더, 골든에그트러플머쉬룸, 딥트러플머쉬룸더블 - 호주산과 뉴질랜드산 섞음/뉴질랜드산과 호주산 섞음 : 버거류 (주니어 포함) - 호주산과 뉴질랜드산 섞음 : 오리지널스 뉴욕스테이크, 오리지널스 메이플갈릭 * 와퍼류와 버거류의 쇠고기 원산지는 버거킹 APP 또는 매장 영수증, 주문 전 매장에서 확인 가능합니다. 돼지고기 - 외국산 : 베이컨(오리지널스 뉴욕스테이크, 오리지널스 메이플갈릭, 크리스퍼 클래식BLT, 몬스터와퍼",150g 패티에 메이플 시럽과 통마늘 풍미가 어우러진 캐나다의 진한맛,오리지널스&맥시멈
BurgerKing,오리지널스 메이플 갈릭 세트,9500,1302,0,56.0,46.0,0,24.0,0,0,1431,"원산지 쇠고기 - 호주산과 뉴질랜드산 섞음/뉴질랜드산과 호주산 섞음 : 와퍼류, 더블오리지널치즈맥시멈2,3, 원파운더, 골든에그트러플머쉬룸, 딥트러플머쉬룸더블 - 호주산과 뉴질랜드산 섞음/뉴질랜드산과 호주산 섞음 : 버거류 (주니어 포함) - 호주산과 뉴질랜드산 섞음 : 오리지널스 뉴욕스테이크, 오리지널스 메이플갈릭 * 와퍼류와 버거류의 쇠고기 원산지는 버거킹 APP 또는 매장 영수증, 주문 전 매장에서 확인 가능합니다. 돼지고기 - 외국산 : 베이컨(오리지널스 뉴욕스테이크, 오리지널스 메이플갈릭, 크리스퍼 클래식BLT, 몬스터와퍼",150g 패티에 메이플 시럽과 통마늘 풍미가 어우러진 캐나다의 진한맛,오리지널스&맥시멈
BurgerKing,오리지널스 뉴욕 스테이크,4700,826,0,10.0,51.0,0,22.0,0,0,1762,"원산지 쇠고기 - 호주산과 뉴질랜드산 섞음/뉴질랜드산과 호주산 섞음 : 와퍼류, 더블오리지널치즈맥시멈2,3, 원파운더, 골든에그트러플머쉬룸, 딥트러플머쉬룸더블 - 호주산과 뉴질랜드산 섞음/뉴질랜드산과 호주산 섞음 : 버거류 (주니어 포함) - 호주산과 뉴질랜드산 섞음 : 오리지널스 뉴욕스테이크, 오리지널스 메이플갈릭 * 와퍼류와 버거류의 쇠고기 원산지는 버거킹 APP 또는 매장 영수증, 주문 전 매장에서 확인 가능합니다. 돼지고기 - 외국산 : 베이컨(오리지널스 뉴욕스테이크, 오리지널스 메이플갈릭, 크리스퍼 클래식BLT, 몬스터와퍼",150g 패티에 뉴욕스테이크 소스와 몬테레이잭 치즈를 더한 정통 미국 스타일,오리지널스&맥시멈
BurgerKing,오리지널스 뉴욕 스테이크 세트,9000,1255,0,49.0,54.0,0,26.0,0,0,2111,"원산지 쇠고기 - 호주산과 뉴질랜드산 섞음/뉴질랜드산과 호주산 섞음 : 와퍼류, 더블오리지널치즈맥시멈2,3, 원파운더, 골든에그트러플머쉬룸, 딥트러플머쉬룸더블 - 호주산과 뉴질랜드산 섞음/뉴질랜드산과 호주산 섞음 : 버거류 (주니어 포함) - 호주산과 뉴질랜드산 섞음 : 오리지널스 뉴욕스테이크, 오리지널스 메이플갈릭 * 와퍼류와 버거류의 쇠고기 원산지는 버거킹 APP 또는 매장 영수증, 주문 전 매장에서 확인 가능합니다. 돼지고기 - 외국산 : 베이컨(오리지널스 뉴욕스테이크, 오리지널스 메이플갈릭, 크리스퍼 클래식BLT, 몬스터와퍼",150g 패티에 뉴욕스테이크 소스와 몬테레이잭 치즈를 더한 정통 미국 스타일,오리지널스&맥시멈
BurgerKing,오리지널스 뉴욕 스테이크 라지세트,9200,1411,0,66.0,56.0,0,27.0,0,0,2226,"원산지 쇠고기 - 호주산과 뉴질랜드산 섞음/뉴질랜드산과 호주산 섞음 : 와퍼류, 더블오리지널치즈맥시멈2,3, 원파운더, 골든에그트러플머쉬룸, 딥트러플머쉬룸더블 - 호주산과 뉴질랜드산 섞음/뉴질랜드산과 호주산 섞음 : 버거류 (주니어 포함) - 호주산과 뉴질랜드산 섞음 : 오리지널스 뉴욕스테이크, 오리지널스 메이플갈릭 * 와퍼류와 버거류의 쇠고기 원산지는 버거킹 APP 또는 매장 영수증, 주문 전 매장에서 확인 가능합니다. 돼지고기 - 외국산 : 베이컨(오리지널스 뉴욕스테이크, 오리지널스 메이플갈릭, 크리스퍼 클래식BLT, 몬스터와퍼",150g 패티에 뉴욕스테이크 소스와 몬테레이잭 치즈를 더한 정통 미국 스타일,오리지널스&맥시멈
BurgerKing,골든 에그 트러플 머쉬룸 라지세트,9800,1326,0,61.0,41.0,0,22.0,0,0,547,"원산지 쇠고기 - 호주산과 뉴질랜드산 섞음/뉴질랜드산과 호주산 섞음 : 와퍼류, 더블오리지널치즈맥시멈2,3, 원파운더, 골든에그트러플머쉬룸, 딥트러플머쉬룸더블 - 호주산과 뉴질랜드산 섞음/뉴질랜드산과 호주산 섞음 : 버거류 (주니어 포함) - 호주산과 뉴질랜드산 섞음 : 오리지널스 뉴욕스테이크, 오리지널스 메이플갈릭 * 와퍼류와 버거류의 쇠고기 원산지는 버거킹 APP 또는 매장 영수증, 주문 전 매장에서 확인 가능합니다. 돼지고기 - 외국산 : 베이컨(오리지널스 뉴욕스테이크, 오리지널스 메이플갈릭, 크리스퍼 클래식BLT, 몬스터와퍼",고소한 오버이지 에그와 트러플 풍미의 환상적 하모니,프리미엄
BurgerKing,골든 에그 트러플 머쉬룸 세트,9200,1170,0,44.0,39.0,0,21.0,0,0,1608,"원산지 쇠고기 - 호주산과 뉴질랜드산 섞음/뉴질랜드산과 호주산 섞음 : 와퍼류, 더블오리지널치즈맥시멈2,3, 원파운더, 골든에그트러플머쉬룸, 딥트러플머쉬룸더블 - 호주산과 뉴질랜드산 섞음/뉴질랜드산과 호주산 섞음 : 버거류 (주니어 포함) - 호주산과 뉴질랜드산 섞음 : 오리지널스 뉴욕스테이크, 오리지널스 메이플갈릭 * 와퍼류와 버거류의 쇠고기 원산지는 버거킹 APP 또는 매장 영수증, 주문 전 매장에서 확인 가능합니다. 돼지고기 - 외국산 : 베이컨(오리지널스 뉴욕스테이크, 오리지널스 메이플갈릭, 크리스퍼 클래식BLT, 몬스터와퍼",고소한 오버이지 에그와 트러플 풍미의 환상적 하모니,프리미엄
BurgerKing,골든 에그 트러플 머쉬룸,5100,741,0,5.0,36.0,0,18.0,0,0,1258,"원산지 쇠고기 - 호주산과 뉴질랜드산 섞음/뉴질랜드산과 호주산 섞음 : 와퍼류, 더블오리지널치즈맥시멈2,3, 원파운더, 골든에그트러플머쉬룸, 딥트러플머쉬룸더블 - 호주산과 뉴질랜드산 섞음/뉴질랜드산과 호주산 섞음 : 버거류 (주니어 포함) - 호주산과 뉴질랜드산 섞음 : 오리지널스 뉴욕스테이크, 오리지널스 메이플갈릭 * 와퍼류와 버거류의 쇠고기 원산지는 버거킹 APP 또는 매장 영수증, 주문 전 매장에서 확인 가능합니다. 돼지고기 - 외국산 : 베이컨(오리지널스 뉴욕스테이크, 오리지널스 메이플갈릭, 크리스퍼 클래식BLT, 몬스터와퍼",고소한 오버이지 에그와 트러플 풍미의 환상적 하모니,프리미엄
BurgerKing,트러플 머쉬룸 와퍼,7100,761,0,6.0,37.0,0,16.0,0,0,1195,"원산지 쇠고기 - 호주산과 뉴질랜드산 섞음/뉴질랜드산과 호주산 섞음 : 와퍼류, 더블오리지널치즈맥시멈2,3, 원파운더, 골든에그트러플머쉬룸, 딥트러플머쉬룸더블 - 호주산과 뉴질랜드산 섞음/뉴질랜드산과 호주산 섞음 : 버거류 (주니어 포함) - 호주산과 뉴질랜드산 섞음 : 오리지널스 뉴욕스테이크, 오리지널스 메이플갈릭 * 와퍼류와 버거류의 쇠고기 원산지는 버거킹 APP 또는 매장 영수증, 주문 전 매장에서 확인 가능합니다. 돼지고기 - 외국산 : 베이컨(오리지널스 뉴욕스테이크, 오리지널스 메이플갈릭, 크리스퍼 클래식BLT, 몬스터와퍼",진한 트러플 향과 4가지 버섯의 깊은 풍미,프리미엄
BurgerKing,트러플 머쉬룸 와퍼 라지세트,10100,1346,0,63.0,42.0,0,21.0,0,0,1660,"원산지 쇠고기 - 호주산과 뉴질랜드산 섞음/뉴질랜드산과 호주산 섞음 : 와퍼류, 더블오리지널치즈맥시멈2,3, 원파운더, 골든에그트러플머쉬룸, 딥트러플머쉬룸더블 - 호주산과 뉴질랜드산 섞음/뉴질랜드산과 호주산 섞음 : 버거류 (주니어 포함) - 호주산과 뉴질랜드산 섞음 : 오리지널스 뉴욕스테이크, 오리지널스 메이플갈릭 * 와퍼류와 버거류의 쇠고기 원산지는 버거킹 APP 또는 매장 영수증, 주문 전 매장에서 확인 가능합니다. 돼지고기 - 외국산 : 베이컨(오리지널스 뉴욕스테이크, 오리지널스 메이플갈릭, 크리스퍼 클래식BLT, 몬스터와퍼",진한 트러플 향과 4가지 버섯의 깊은 풍미,프리미엄
BurgerKing,트러플 머쉬룸 와퍼 세트,10100,1191,0,46.0,41.0,0,19.0,0,0,1545,"원산지 쇠고기 - 호주산과 뉴질랜드산 섞음/뉴질랜드산과 호주산 섞음 : 와퍼류, 더블오리지널치즈맥시멈2,3, 원파운더, 골든에그트러플머쉬룸, 딥트러플머쉬룸더블 - 호주산과 뉴질랜드산 섞음/뉴질랜드산과 호주산 섞음 : 버거류 (주니어 포함) - 호주산과 뉴질랜드산 섞음 : 오리지널스 뉴욕스테이크, 오리지널스 메이플갈릭 * 와퍼류와 버거류의 쇠고기 원산지는 버거킹 APP 또는 매장 영수증, 주문 전 매장에서 확인 가능합니다. 돼지고기 - 외국산 : 베이컨(오리지널스 뉴욕스테이크, 오리지널스 메이플갈릭, 크리스퍼 클래식BLT, 몬스터와퍼",진한 트러플 향과 4가지 버섯의 깊은 풍미,프리미엄
BurgerKing,딥 트러플 머쉬룸 더블 세트,9900,1423,0,45.0,55.0,0,28.0,0,0,1604,"원산지 쇠고기 - 호주산과 뉴질랜드산 섞음/뉴질랜드산과 호주산 섞음 : 와퍼류, 더블오리지널치즈맥시멈2,3, 원파운더, 골든에그트러플머쉬룸, 딥트러플머쉬룸더블 - 호주산과 뉴질랜드산 섞음/뉴질랜드산과 호주산 섞음 : 버거류 (주니어 포함) - 호주산과 뉴질랜드산 섞음 : 오리지널스 뉴욕스테이크, 오리지널스 메이플갈릭 * 와퍼류와 버거류의 쇠고기 원산지는 버거킹 APP 또는 매장 영수증, 주문 전 매장에서 확인 가능합니다. 돼지고기 - 외국산 : 베이컨(오리지널스 뉴욕스테이크, 오리지널스 메이플갈릭, 크리스퍼 클래식BLT, 몬스터와퍼",더욱 딥한 트러플 풍미의 더블 버거,프리미엄
BurgerKing,딥 트러플 머쉬룸 더블 라지세트,9900,1578,0,62.0,56.0,0,29.0,0,0,1719,"원산지 쇠고기 - 호주산과 뉴질랜드산 섞음/뉴질랜드산과 호주산 섞음 : 와퍼류, 더블오리지널치즈맥시멈2,3, 원파운더, 골든에그트러플머쉬룸, 딥트러플머쉬룸더블 - 호주산과 뉴질랜드산 섞음/뉴질랜드산과 호주산 섞음 : 버거류 (주니어 포함) - 호주산과 뉴질랜드산 섞음 : 오리지널스 뉴욕스테이크, 오리지널스 메이플갈릭 * 와퍼류와 버거류의 쇠고기 원산지는 버거킹 APP 또는 매장 영수증, 주문 전 매장에서 확인 가능합니다. 돼지고기 - 외국산 : 베이컨(오리지널스 뉴욕스테이크, 오리지널스 메이플갈릭, 크리스퍼 클래식BLT, 몬스터와퍼",더욱 딥한 트러플 풍미의 더블 버거,프리미엄
BurgerKing,딥 트러플 머쉬룸 더블,4600,993,0,5.0,51.0,0,24.0,0,0,1254,"원산지 쇠고기 - 호주산과 뉴질랜드산 섞음/뉴질랜드산과 호주산 섞음 : 와퍼류, 더블오리지널치즈맥시멈2,3, 원파운더, 골든에그트러플머쉬룸, 딥트러플머쉬룸더블 - 호주산과 뉴질랜드산 섞음/뉴질랜드산과 호주산 섞음 : 버거류 (주니어 포함) - 호주산과 뉴질랜드산 섞음 : 오리지널스 뉴욕스테이크, 오리지널스 메이플갈릭 * 와퍼류와 버거류의 쇠고기 원산지는 버거킹 APP 또는 매장 영수증, 주문 전 매장에서 확인 가능합니다. 돼지고기 - 외국산 : 베이컨(오리지널스 뉴욕스테이크, 오리지널스 메이플갈릭, 크리스퍼 클래식BLT, 몬스터와퍼",더욱 딥한 트러플 풍미의 더블 버거,프리미엄
BurgerKing,핫 트러플 머쉬룸 와퍼 라지세트,10100,1309,0,63.0,40.0,0,18.0,0,0,1743,"원산지 쇠고기 - 호주산과 뉴질랜드산 섞음/뉴질랜드산과 호주산 섞음 : 와퍼류, 더블오리지널치즈맥시멈2,3, 원파운더, 골든에그트러플머쉬룸, 딥트러플머쉬룸더블 - 호주산과 뉴질랜드산 섞음/뉴질랜드산과 호주산 섞음 : 버거류 (주니어 포함) - 호주산과 뉴질랜드산 섞음 : 오리지널스 뉴욕스테이크, 오리지널스 메이플갈릭 * 와퍼류와 버거류의 쇠고기 원산지는 버거킹 APP 또는 매장 영수증, 주문 전 매장에서 확인 가능합니다. 돼지고기 - 외국산 : 베이컨(오리지널스 뉴욕스테이크, 오리지널스 메이플갈릭, 크리스퍼 클래식BLT, 몬스터와퍼",매콤한 트러플 소스의 색다른 매력,프리미엄
BurgerKing,핫 트러플 머쉬룸 와퍼,7100,724,0,7.0,35.0,0,14.0,0,0,1278,"원산지 쇠고기 - 호주산과 뉴질랜드산 섞음/뉴질랜드산과 호주산 섞음 : 와퍼류, 더블오리지널치즈맥시멈2,3, 원파운더, 골든에그트러플머쉬룸, 딥트러플머쉬룸더블 - 호주산과 뉴질랜드산 섞음/뉴질랜드산과 호주산 섞음 : 버거류 (주니어 포함) - 호주산과 뉴질랜드산 섞음 : 오리지널스 뉴욕스테이크, 오리지널스 메이플갈릭 * 와퍼류와 버거류의 쇠고기 원산지는 버거킹 APP 또는 매장 영수증, 주문 전 매장에서 확인 가능합니다. 돼지고기 - 외국산 : 베이컨(오리지널스 뉴욕스테이크, 오리지널스 메이플갈릭, 크리스퍼 클래식BLT, 몬스터와퍼",매콤한 트러플 소스의 색다른 매력,프리미엄
BurgerKing,핫 트러플 머쉬룸 와퍼 세트,10100,1154,0,46.0,39.0,0,17.0,0,0,1628,"원산지 쇠고기 - 호주산과 뉴질랜드산 섞음/뉴질랜드산과 호주산 섞음 : 와퍼류, 더블오리지널치즈맥시멈2,3, 원파운더, 골든에그트러플머쉬룸, 딥트러플머쉬룸더블 - 호주산과 뉴질랜드산 섞음/뉴질랜드산과 호주산 섞음 : 버거류 (주니어 포함) - 호주산과 뉴질랜드산 섞음 : 오리지널스 뉴욕스테이크, 오리지널스 메이플갈릭 * 와퍼류와 버거류의 쇠고기 원산지는 버거킹 APP 또는 매장 영수증, 주문 전 매장에서 확인 가능합니다. 돼지고기 - 외국산 : 베이컨(오리지널스 뉴욕스테이크, 오리지널스 메이플갈릭, 크리스퍼 클래식BLT, 몬스터와퍼",매콤한 트러플 소스의 색다른 매력,프리미엄
BurgerKing,트머와 팩 1,5400,2170,0,94.0,76.0,0,35.0,0,0,3033,"원산지 쇠고기 - 호주산과 뉴질랜드산 섞음/뉴질랜드산과 호주산 섞음 : 와퍼류, 더블오리지널치즈맥시멈2,3, 원파운더, 골든에그트러플머쉬룸, 딥트러플머쉬룸더블 - 호주산과 뉴질랜드산 섞음/뉴질랜드산과 호주산 섞음 : 버거류 (주니어 포함) - 호주산과 뉴질랜드산 섞음 : 오리지널스 뉴욕스테이크, 오리지널스 메이플갈릭 * 와퍼류와 버거류의 쇠고기 원산지는 버거킹 APP 또는 매장 영수증, 주문 전 매장에서 확인 가능합니다. 돼지고기 - 외국산 : 베이컨(오리지널스 뉴욕스테이크, 오리지널스 메이플갈릭, 크리스퍼 클래식BLT, 몬스터와퍼",,프리미엄
BurgerKing,트머와 팩 2,5000,2282,0,91.0,83.0,0,39.0,0,0,3398,"원산지 쇠고기 - 호주산과 뉴질랜드산 섞음/뉴질랜드산과 호주산 섞음 : 와퍼류, 더블오리지널치즈맥시멈2,3, 원파운더, 골든에그트러플머쉬룸, 딥트러플머쉬룸더블 - 호주산과 뉴질랜드산 섞음/뉴질랜드산과 호주산 섞음 : 버거류 (주니어 포함) - 호주산과 뉴질랜드산 섞음 : 오리지널스 뉴욕스테이크, 오리지널스 메이플갈릭 * 와퍼류와 버거류의 쇠고기 원산지는 버거킹 APP 또는 매장 영수증, 주문 전 매장에서 확인 가능합니다. 돼지고기 - 외국산 : 베이컨(오리지널스 뉴욕스테이크, 오리지널스 메이플갈릭, 크리스퍼 클래식BLT, 몬스터와퍼",,프리미엄
BurgerKing,트머와 팩 3,5100,2200,0,94.0,73.0,0,33.0,0,0,2675,"원산지 쇠고기 - 호주산과 뉴질랜드산 섞음/뉴질랜드산과 호주산 섞음 : 와퍼류, 더블오리지널치즈맥시멈2,3, 원파운더, 골든에그트러플머쉬룸, 딥트러플머쉬룸더블 - 호주산과 뉴질랜드산 섞음/뉴질랜드산과 호주산 섞음 : 버거류 (주니어 포함) - 호주산과 뉴질랜드산 섞음 : 오리지널스 뉴욕스테이크, 오리지널스 메이플갈릭 * 와퍼류와 버거류의 쇠고기 원산지는 버거킹 APP 또는 매장 영수증, 주문 전 매장에서 확인 가능합니다. 돼지고기 - 외국산 : 베이컨(오리지널스 뉴욕스테이크, 오리지널스 메이플갈릭, 크리스퍼 클래식BLT, 몬스터와퍼",,프리미엄
BurgerKing,베이컨치즈와퍼,10500,844,0,8.0,37.0,0,19.0,0,0,1654,"원산지 쇠고기 - 호주산과 뉴질랜드산 섞음/뉴질랜드산과 호주산 섞음 : 와퍼류, 더블오리지널치즈맥시멈2,3, 원파운더, 골든에그트러플머쉬룸, 딥트러플머쉬룸더블 - 호주산과 뉴질랜드산 섞음/뉴질랜드산과 호주산 섞음 : 버거류 (주니어 포함) - 호주산과 뉴질랜드산 섞음 : 오리지널스 뉴욕스테이크, 오리지널스 메이플갈릭 * 와퍼류와 버거류의 쇠고기 원산지는 버거킹 APP 또는 매장 영수증, 주문 전 매장에서 확인 가능합니다. 돼지고기 - 외국산 : 베이컨(오리지널스 뉴욕스테이크, 오리지널스 메이플갈릭, 크리스퍼 클래식BLT, 몬스터와퍼",풍미 가득한 아메리칸 클래식의 완벽한 조화!,프리미엄
BurgerKing,베이컨치즈와퍼 세트,13000,1273,0,47.0,41.0,0,22.0,0,0,2004,"원산지 쇠고기 - 호주산과 뉴질랜드산 섞음/뉴질랜드산과 호주산 섞음 : 와퍼류, 더블오리지널치즈맥시멈2,3, 원파운더, 골든에그트러플머쉬룸, 딥트러플머쉬룸더블 - 호주산과 뉴질랜드산 섞음/뉴질랜드산과 호주산 섞음 : 버거류 (주니어 포함) - 호주산과 뉴질랜드산 섞음 : 오리지널스 뉴욕스테이크, 오리지널스 메이플갈릭 * 와퍼류와 버거류의 쇠고기 원산지는 버거킹 APP 또는 매장 영수증, 주문 전 매장에서 확인 가능합니다. 돼지고기 - 외국산 : 베이컨(오리지널스 뉴욕스테이크, 오리지널스 메이플갈릭, 크리스퍼 클래식BLT, 몬스터와퍼",풍미 가득한 아메리칸 클래식의 완벽한 조화!,프리미엄
BurgerKing,베이컨치즈와퍼 라지세트,10100,1428,0,64.0,42.0,0,23.0,0,0,2118,"원산지 쇠고기 - 호주산과 뉴질랜드산 섞음/뉴질랜드산과 호주산 섞음 : 와퍼류, 더블오리지널치즈맥시멈2,3, 원파운더, 골든에그트러플머쉬룸, 딥트러플머쉬룸더블 - 호주산과 뉴질랜드산 섞음/뉴질랜드산과 호주산 섞음 : 버거류 (주니어 포함) - 호주산과 뉴질랜드산 섞음 : 오리지널스 뉴욕스테이크, 오리지널스 메이플갈릭 * 와퍼류와 버거류의 쇠고기 원산지는 버거킹 APP 또는 매장 영수증, 주문 전 매장에서 확인 가능합니다. 돼지고기 - 외국산 : 베이컨(오리지널스 뉴욕스테이크, 오리지널스 메이플갈릭, 크리스퍼 클래식BLT, 몬스터와퍼",풍미 가득한 아메리칸 클래식의 완벽한 조화!,프리미엄
BurgerKing,콰트로치즈와퍼,9500,887,0,6.0,43.0,0,21.0,0,0,1647,"원산지 쇠고기 - 호주산과 뉴질랜드산 섞음/뉴질랜드산과 호주산 섞음 : 와퍼류, 더블오리지널치즈맥시멈2,3, 원파운더, 골든에그트러플머쉬룸, 딥트러플머쉬룸더블 - 호주산과 뉴질랜드산 섞음/뉴질랜드산과 호주산 섞음 : 버거류 (주니어 포함) - 호주산과 뉴질랜드산 섞음 : 오리지널스 뉴욕스테이크, 오리지널스 메이플갈릭 * 와퍼류와 버거류의 쇠고기 원산지는 버거킹 APP 또는 매장 영수증, 주문 전 매장에서 확인 가능합니다. 돼지고기 - 외국산 : 베이컨(오리지널스 뉴욕스테이크, 오리지널스 메이플갈릭, 크리스퍼 클래식BLT, 몬스터와퍼","진짜 불맛을 즐겨라, 4가지 고품격 치즈와 불에 직접 구운 와퍼 패티의 만남!",프리미엄
BurgerKing,콰트로치즈와퍼 라지세트,10100,1472,0,62.0,47.0,0,26.0,0,0,2111,"원산지 쇠고기 - 호주산과 뉴질랜드산 섞음/뉴질랜드산과 호주산 섞음 : 와퍼류, 더블오리지널치즈맥시멈2,3, 원파운더, 골든에그트러플머쉬룸, 딥트러플머쉬룸더블 - 호주산과 뉴질랜드산 섞음/뉴질랜드산과 호주산 섞음 : 버거류 (주니어 포함) - 호주산과 뉴질랜드산 섞음 : 오리지널스 뉴욕스테이크, 오리지널스 메이플갈릭 * 와퍼류와 버거류의 쇠고기 원산지는 버거킹 APP 또는 매장 영수증, 주문 전 매장에서 확인 가능합니다. 돼지고기 - 외국산 : 베이컨(오리지널스 뉴욕스테이크, 오리지널스 메이플갈릭, 크리스퍼 클래식BLT, 몬스터와퍼","진짜 불맛을 즐겨라, 4가지 고품격 치즈와 불에 직접 구운 와퍼 패티의 만남!",프리미엄
BurgerKing,콰트로치즈와퍼 세트,12200,1317,0,45.0,46.0,0,25.0,0,0,1996,"원산지 쇠고기 - 호주산과 뉴질랜드산 섞음/뉴질랜드산과 호주산 섞음 : 와퍼류, 더블오리지널치즈맥시멈2,3, 원파운더, 골든에그트러플머쉬룸, 딥트러플머쉬룸더블 - 호주산과 뉴질랜드산 섞음/뉴질랜드산과 호주산 섞음 : 버거류 (주니어 포함) - 호주산과 뉴질랜드산 섞음 : 오리지널스 뉴욕스테이크, 오리지널스 메이플갈릭 * 와퍼류와 버거류의 쇠고기 원산지는 버거킹 APP 또는 매장 영수증, 주문 전 매장에서 확인 가능합니다. 돼지고기 - 외국산 : 베이컨(오리지널스 뉴욕스테이크, 오리지널스 메이플갈릭, 크리스퍼 클래식BLT, 몬스터와퍼","진짜 불맛을 즐겨라, 4가지 고품격 치즈와 불에 직접 구운 와퍼 패티의 만남!",프리미엄
BurgerKing,통새우와퍼 세트,11900,1144,0,48.0,37.0,0,16.0,0,0,1607,"원산지 쇠고기 - 호주산과 뉴질랜드산 섞음/뉴질랜드산과 호주산 섞음 : 와퍼류, 더블오리지널치즈맥시멈2,3, 원파운더, 골든에그트러플머쉬룸, 딥트러플머쉬룸더블 - 호주산과 뉴질랜드산 섞음/뉴질랜드산과 호주산 섞음 : 버거류 (주니어 포함) - 호주산과 뉴질랜드산 섞음 : 오리지널스 뉴욕스테이크, 오리지널스 메이플갈릭 * 와퍼류와 버거류의 쇠고기 원산지는 버거킹 APP 또는 매장 영수증, 주문 전 매장에서 확인 가능합니다. 돼지고기 - 외국산 : 베이컨(오리지널스 뉴욕스테이크, 오리지널스 메이플갈릭, 크리스퍼 클래식BLT, 몬스터와퍼","불맛 가득 순쇠고기, 갈릭페퍼 통새우, 스파이시토마토소스가 더해진 프리미엄 버거",프리미엄
BurgerKing,통새우와퍼 라지세트,10100,1299,0,65.0,38.0,0,17.0,0,0,1722,"원산지 쇠고기 - 호주산과 뉴질랜드산 섞음/뉴질랜드산과 호주산 섞음 : 와퍼류, 더블오리지널치즈맥시멈2,3, 원파운더, 골든에그트러플머쉬룸, 딥트러플머쉬룸더블 - 호주산과 뉴질랜드산 섞음/뉴질랜드산과 호주산 섞음 : 버거류 (주니어 포함) - 호주산과 뉴질랜드산 섞음 : 오리지널스 뉴욕스테이크, 오리지널스 메이플갈릭 * 와퍼류와 버거류의 쇠고기 원산지는 버거킹 APP 또는 매장 영수증, 주문 전 매장에서 확인 가능합니다. 돼지고기 - 외국산 : 베이컨(오리지널스 뉴욕스테이크, 오리지널스 메이플갈릭, 크리스퍼 클래식BLT, 몬스터와퍼","불맛 가득 순쇠고기, 갈릭페퍼 통새우, 스파이시토마토소스가 더해진 프리미엄 버거",프리미엄
BurgerKing,통새우와퍼,9500,714,0,9.0,34.0,0,12.0,0,0,1258,"원산지 쇠고기 - 호주산과 뉴질랜드산 섞음/뉴질랜드산과 호주산 섞음 : 와퍼류, 더블오리지널치즈맥시멈2,3, 원파운더, 골든에그트러플머쉬룸, 딥트러플머쉬룸더블 - 호주산과 뉴질랜드산 섞음/뉴질랜드산과 호주산 섞음 : 버거류 (주니어 포함) - 호주산과 뉴질랜드산 섞음 : 오리지널스 뉴욕스테이크, 오리지널스 메이플갈릭 * 와퍼류와 버거류의 쇠고기 원산지는 버거킹 APP 또는 매장 영수증, 주문 전 매장에서 확인 가능합니다. 돼지고기 - 외국산 : 베이컨(오리지널스 뉴욕스테이크, 오리지널스 메이플갈릭, 크리스퍼 클래식BLT, 몬스터와퍼","불맛 가득 순쇠고기, 갈릭페퍼 통새우, 스파이시토마토소스가 더해진 프리미엄 버거",프리미엄
BurgerKing,몬스터와퍼 세트,12600,1524,0,47.0,55.0,0,25.0,0,0,2496,"원산지 쇠고기 - 호주산과 뉴질랜드산 섞음/뉴질랜드산과 호주산 섞음 : 와퍼류, 더블오리지널치즈맥시멈2,3, 원파운더, 골든에그트러플머쉬룸, 딥트러플머쉬룸더블 - 호주산과 뉴질랜드산 섞음/뉴질랜드산과 호주산 섞음 : 버거류 (주니어 포함) - 호주산과 뉴질랜드산 섞음 : 오리지널스 뉴욕스테이크, 오리지널스 메이플갈릭 * 와퍼류와 버거류의 쇠고기 원산지는 버거킹 APP 또는 매장 영수증, 주문 전 매장에서 확인 가능합니다. 돼지고기 - 외국산 : 베이컨(오리지널스 뉴욕스테이크, 오리지널스 메이플갈릭, 크리스퍼 클래식BLT, 몬스터와퍼","불맛 가득 순쇠고기, 치킨, 베이컨에 화끈한 디아블로 소스의 압도적인 맛",프리미엄
BurgerKing,몬스터와퍼 라지세트,10100,1679,0,64.0,57.0,0,26.0,0,0,2611,"원산지 쇠고기 - 호주산과 뉴질랜드산 섞음/뉴질랜드산과 호주산 섞음 : 와퍼류, 더블오리지널치즈맥시멈2,3, 원파운더, 골든에그트러플머쉬룸, 딥트러플머쉬룸더블 - 호주산과 뉴질랜드산 섞음/뉴질랜드산과 호주산 섞음 : 버거류 (주니어 포함) - 호주산과 뉴질랜드산 섞음 : 오리지널스 뉴욕스테이크, 오리지널스 메이플갈릭 * 와퍼류와 버거류의 쇠고기 원산지는 버거킹 APP 또는 매장 영수증, 주문 전 매장에서 확인 가능합니다. 돼지고기 - 외국산 : 베이컨(오리지널스 뉴욕스테이크, 오리지널스 메이플갈릭, 크리스퍼 클래식BLT, 몬스터와퍼","불맛 가득 순쇠고기, 치킨, 베이컨에 화끈한 디아블로 소스의 압도적인 맛",프리미엄
BurgerKing,몬스터와퍼,10700,1094,0,8.0,52.0,0,21.0,0,0,2146,"원산지 쇠고기 - 호주산과 뉴질랜드산 섞음/뉴질랜드산과 호주산 섞음 : 와퍼류, 더블오리지널치즈맥시멈2,3, 원파운더, 골든에그트러플머쉬룸, 딥트러플머쉬룸더블 - 호주산과 뉴질랜드산 섞음/뉴질랜드산과 호주산 섞음 : 버거류 (주니어 포함) - 호주산과 뉴질랜드산 섞음 : 오리지널스 뉴욕스테이크, 오리지널스 메이플갈릭 * 와퍼류와 버거류의 쇠고기 원산지는 버거킹 APP 또는 매장 영수증, 주문 전 매장에서 확인 가능합니다. 돼지고기 - 외국산 : 베이컨(오리지널스 뉴욕스테이크, 오리지널스 메이플갈릭, 크리스퍼 클래식BLT, 몬스터와퍼","불맛 가득 순쇠고기, 치킨, 베이컨에 화끈한 디아블로 소스의 압도적인 맛",프리미엄
BurgerKing,치즈와퍼주니어+치킨치즈마요버거,7100,1063,0,8.0,37.0,0,17.0,0,0,1899,"원산지 쇠고기 - 호주산과 뉴질랜드산 섞음/뉴질랜드산과 호주산 섞음 : 와퍼류, 더블오리지널치즈맥시멈2,3, 원파운더, 골든에그트러플머쉬룸, 딥트러플머쉬룸더블 - 호주산과 뉴질랜드산 섞음/뉴질랜드산과 호주산 섞음 : 버거류 (주니어 포함) - 호주산과 뉴질랜드산 섞음 : 오리지널스 뉴욕스테이크, 오리지널스 메이플갈릭 * 와퍼류와 버거류의 쇠고기 원산지는 버거킹 APP 또는 매장 영수증, 주문 전 매장에서 확인 가능합니다. 돼지고기 - 외국산 : 베이컨(오리지널스 뉴욕스테이크, 오리지널스 메이플갈릭, 크리스퍼 클래식BLT, 몬스터와퍼",,와퍼&주니어
BurgerKing,와퍼주니어+치즈와퍼주니어,7100,799,0,8.0,34.0,0,12.0,0,0,1333,"원산지 쇠고기 - 호주산과 뉴질랜드산 섞음/뉴질랜드산과 호주산 섞음 : 와퍼류, 더블오리지널치즈맥시멈2,3, 원파운더, 골든에그트러플머쉬룸, 딥트러플머쉬룸더블 - 호주산과 뉴질랜드산 섞음/뉴질랜드산과 호주산 섞음 : 버거류 (주니어 포함) - 호주산과 뉴질랜드산 섞음 : 오리지널스 뉴욕스테이크, 오리지널스 메이플갈릭 * 와퍼류와 버거류의 쇠고기 원산지는 버거킹 APP 또는 매장 영수증, 주문 전 매장에서 확인 가능합니다. 돼지고기 - 외국산 : 베이컨(오리지널스 뉴욕스테이크, 오리지널스 메이플갈릭, 크리스퍼 클래식BLT, 몬스터와퍼",,와퍼&주니어
BurgerKing,와퍼주니어X2,7100,753,0,8.0,33.0,0,10.0,0,0,1112,"원산지 쇠고기 - 호주산과 뉴질랜드산 섞음/뉴질랜드산과 호주산 섞음 : 와퍼류, 더블오리지널치즈맥시멈2,3, 원파운더, 골든에그트러플머쉬룸, 딥트러플머쉬룸더블 - 호주산과 뉴질랜드산 섞음/뉴질랜드산과 호주산 섞음 : 버거류 (주니어 포함) - 호주산과 뉴질랜드산 섞음 : 오리지널스 뉴욕스테이크, 오리지널스 메이플갈릭 * 와퍼류와 버거류의 쇠고기 원산지는 버거킹 APP 또는 매장 영수증, 주문 전 매장에서 확인 가능합니다. 돼지고기 - 외국산 : 베이컨(오리지널스 뉴욕스테이크, 오리지널스 메이플갈릭, 크리스퍼 클래식BLT, 몬스터와퍼",어떤 버거를 선택해도 2개 6000원!,와퍼&주니어
BurgerKing,치즈와퍼주니어X2,7100,845,0,9.0,36.0,0,15.0,0,0,1555,"원산지 쇠고기 - 호주산과 뉴질랜드산 섞음/뉴질랜드산과 호주산 섞음 : 와퍼류, 더블오리지널치즈맥시멈2,3, 원파운더, 골든에그트러플머쉬룸, 딥트러플머쉬룸더블 - 호주산과 뉴질랜드산 섞음/뉴질랜드산과 호주산 섞음 : 버거류 (주니어 포함) - 호주산과 뉴질랜드산 섞음 : 오리지널스 뉴욕스테이크, 오리지널스 메이플갈릭 * 와퍼류와 버거류의 쇠고기 원산지는 버거킹 APP 또는 매장 영수증, 주문 전 매장에서 확인 가능합니다. 돼지고기 - 외국산 : 베이컨(오리지널스 뉴욕스테이크, 오리지널스 메이플갈릭, 크리스퍼 클래식BLT, 몬스터와퍼",,와퍼&주니어
BurgerKing,와주X치치마,5100,1017,0,8.0,36.0,0,15.0,0,0,1677,"원산지 쇠고기 - 호주산과 뉴질랜드산 섞음/뉴질랜드산과 호주산 섞음 : 와퍼류, 더블오리지널치즈맥시멈2,3, 원파운더, 골든에그트러플머쉬룸, 딥트러플머쉬룸더블 - 호주산과 뉴질랜드산 섞음/뉴질랜드산과 호주산 섞음 : 버거류 (주니어 포함) - 호주산과 뉴질랜드산 섞음 : 오리지널스 뉴욕스테이크, 오리지널스 메이플갈릭 * 와퍼류와 버거류의 쇠고기 원산지는 버거킹 APP 또는 매장 영수증, 주문 전 매장에서 확인 가능합니다. 돼지고기 - 외국산 : 베이컨(오리지널스 뉴욕스테이크, 오리지널스 메이플갈릭, 크리스퍼 클래식BLT, 몬스터와퍼",,와퍼&주니어
BurgerKing,치킨치즈마요버거X2,6300,1281,0,8.0,39.0,0,20.0,0,0,2243,"원산지 쇠고기 - 호주산과 뉴질랜드산 섞음/뉴질랜드산과 호주산 섞음 : 와퍼류, 더블오리지널치즈맥시멈2,3, 원파운더, 골든에그트러플머쉬룸, 딥트러플머쉬룸더블 - 호주산과 뉴질랜드산 섞음/뉴질랜드산과 호주산 섞음 : 버거류 (주니어 포함) - 호주산과 뉴질랜드산 섞음 : 오리지널스 뉴욕스테이크, 오리지널스 메이플갈릭 * 와퍼류와 버거류의 쇠고기 원산지는 버거킹 APP 또는 매장 영수증, 주문 전 매장에서 확인 가능합니다. 돼지고기 - 외국산 : 베이컨(오리지널스 뉴욕스테이크, 오리지널스 메이플갈릭, 크리스퍼 클래식BLT, 몬스터와퍼",,와퍼&주니어
BurgerKing,치즈와퍼주니어X2+FF(R)+콜라R,1600,1275,0,48.0,39.0,0,18.0,0,0,1905,"원산지 쇠고기 - 호주산과 뉴질랜드산 섞음/뉴질랜드산과 호주산 섞음 : 와퍼류, 더블오리지널치즈맥시멈2,3, 원파운더, 골든에그트러플머쉬룸, 딥트러플머쉬룸더블 - 호주산과 뉴질랜드산 섞음/뉴질랜드산과 호주산 섞음 : 버거류 (주니어 포함) - 호주산과 뉴질랜드산 섞음 : 오리지널스 뉴욕스테이크, 오리지널스 메이플갈릭 * 와퍼류와 버거류의 쇠고기 원산지는 버거킹 APP 또는 매장 영수증, 주문 전 매장에서 확인 가능합니다. 돼지고기 - 외국산 : 베이컨(오리지널스 뉴욕스테이크, 오리지널스 메이플갈릭, 크리스퍼 클래식BLT, 몬스터와퍼",,와퍼&주니어
BurgerKing,와퍼주니어X2+프라이R+콜라R,1600,1182,0,47.0,37.0,0,13.0,0,0,1461,"원산지 쇠고기 - 호주산과 뉴질랜드산 섞음/뉴질랜드산과 호주산 섞음 : 와퍼류, 더블오리지널치즈맥시멈2,3, 원파운더, 골든에그트러플머쉬룸, 딥트러플머쉬룸더블 - 호주산과 뉴질랜드산 섞음/뉴질랜드산과 호주산 섞음 : 버거류 (주니어 포함) - 호주산과 뉴질랜드산 섞음 : 오리지널스 뉴욕스테이크, 오리지널스 메이플갈릭 * 와퍼류와 버거류의 쇠고기 원산지는 버거킹 APP 또는 매장 영수증, 주문 전 매장에서 확인 가능합니다. 돼지고기 - 외국산 : 베이컨(오리지널스 뉴욕스테이크, 오리지널스 메이플갈릭, 크리스퍼 클래식BLT, 몬스터와퍼",어떤 버거를 선택해도 2개 6000원!,와퍼&주니어
BurgerKing,치와주+치치마+FF(R)+콜라R,1600,1493,0,47.0,41.0,0,21.0,0,0,2249,"원산지 쇠고기 - 호주산과 뉴질랜드산 섞음/뉴질랜드산과 호주산 섞음 : 와퍼류, 더블오리지널치즈맥시멈2,3, 원파운더, 골든에그트러플머쉬룸, 딥트러플머쉬룸더블 - 호주산과 뉴질랜드산 섞음/뉴질랜드산과 호주산 섞음 : 버거류 (주니어 포함) - 호주산과 뉴질랜드산 섞음 : 오리지널스 뉴욕스테이크, 오리지널스 메이플갈릭 * 와퍼류와 버거류의 쇠고기 원산지는 버거킹 APP 또는 매장 영수증, 주문 전 매장에서 확인 가능합니다. 돼지고기 - 외국산 : 베이컨(오리지널스 뉴욕스테이크, 오리지널스 메이플갈릭, 크리스퍼 클래식BLT, 몬스터와퍼",,와퍼&주니어
BurgerKing,와주X치치마+프라이R+콜라R,1600,1447,0,47.0,40.0,0,18.0,0,0,2027,"원산지 쇠고기 - 호주산과 뉴질랜드산 섞음/뉴질랜드산과 호주산 섞음 : 와퍼류, 더블오리지널치즈맥시멈2,3, 원파운더, 골든에그트러플머쉬룸, 딥트러플머쉬룸더블 - 호주산과 뉴질랜드산 섞음/뉴질랜드산과 호주산 섞음 : 버거류 (주니어 포함) - 호주산과 뉴질랜드산 섞음 : 오리지널스 뉴욕스테이크, 오리지널스 메이플갈릭 * 와퍼류와 버거류의 쇠고기 원산지는 버거킹 APP 또는 매장 영수증, 주문 전 매장에서 확인 가능합니다. 돼지고기 - 외국산 : 베이컨(오리지널스 뉴욕스테이크, 오리지널스 메이플갈릭, 크리스퍼 클래식BLT, 몬스터와퍼",,와퍼&주니어
BurgerKing,치치마X2+프라이R+콜라R,1600,1711,0,47.0,43.0,0,23.0,0,0,2593,"원산지 쇠고기 - 호주산과 뉴질랜드산 섞음/뉴질랜드산과 호주산 섞음 : 와퍼류, 더블오리지널치즈맥시멈2,3, 원파운더, 골든에그트러플머쉬룸, 딥트러플머쉬룸더블 - 호주산과 뉴질랜드산 섞음/뉴질랜드산과 호주산 섞음 : 버거류 (주니어 포함) - 호주산과 뉴질랜드산 섞음 : 오리지널스 뉴욕스테이크, 오리지널스 메이플갈릭 * 와퍼류와 버거류의 쇠고기 원산지는 버거킹 APP 또는 매장 영수증, 주문 전 매장에서 확인 가능합니다. 돼지고기 - 외국산 : 베이컨(오리지널스 뉴욕스테이크, 오리지널스 메이플갈릭, 크리스퍼 클래식BLT, 몬스터와퍼",,와퍼&주니어
BurgerKing,와주+치와주+FF(R)+콜라R,1600,1229,0,48.0,38.0,0,16.0,0,0,1683,"원산지 쇠고기 - 호주산과 뉴질랜드산 섞음/뉴질랜드산과 호주산 섞음 : 와퍼류, 더블오리지널치즈맥시멈2,3, 원파운더, 골든에그트러플머쉬룸, 딥트러플머쉬룸더블 - 호주산과 뉴질랜드산 섞음/뉴질랜드산과 호주산 섞음 : 버거류 (주니어 포함) - 호주산과 뉴질랜드산 섞음 : 오리지널스 뉴욕스테이크, 오리지널스 메이플갈릭 * 와퍼류와 버거류의 쇠고기 원산지는 버거킹 APP 또는 매장 영수증, 주문 전 매장에서 확인 가능합니다. 돼지고기 - 외국산 : 베이컨(오리지널스 뉴욕스테이크, 오리지널스 메이플갈릭, 크리스퍼 클래식BLT, 몬스터와퍼",,와퍼&주니어
BurgerKing,치와주+치치마+FF(L)+콜라L,1600,1648,0,64.0,42.0,0,22.0,0,0,2363,"원산지 쇠고기 - 호주산과 뉴질랜드산 섞음/뉴질랜드산과 호주산 섞음 : 와퍼류, 더블오리지널치즈맥시멈2,3, 원파운더, 골든에그트러플머쉬룸, 딥트러플머쉬룸더블 - 호주산과 뉴질랜드산 섞음/뉴질랜드산과 호주산 섞음 : 버거류 (주니어 포함) - 호주산과 뉴질랜드산 섞음 : 오리지널스 뉴욕스테이크, 오리지널스 메이플갈릭 * 와퍼류와 버거류의 쇠고기 원산지는 버거킹 APP 또는 매장 영수증, 주문 전 매장에서 확인 가능합니다. 돼지고기 - 외국산 : 베이컨(오리지널스 뉴욕스테이크, 오리지널스 메이플갈릭, 크리스퍼 클래식BLT, 몬스터와퍼",,와퍼&주니어
BurgerKing,와주+치와주+FF(L)+콜라L,1600,1384,0,64.0,39.0,0,17.0,0,0,1798,"원산지 쇠고기 - 호주산과 뉴질랜드산 섞음/뉴질랜드산과 호주산 섞음 : 와퍼류, 더블오리지널치즈맥시멈2,3, 원파운더, 골든에그트러플머쉬룸, 딥트러플머쉬룸더블 - 호주산과 뉴질랜드산 섞음/뉴질랜드산과 호주산 섞음 : 버거류 (주니어 포함) - 호주산과 뉴질랜드산 섞음 : 오리지널스 뉴욕스테이크, 오리지널스 메이플갈릭 * 와퍼류와 버거류의 쇠고기 원산지는 버거킹 APP 또는 매장 영수증, 주문 전 매장에서 확인 가능합니다. 돼지고기 - 외국산 : 베이컨(오리지널스 뉴욕스테이크, 오리지널스 메이플갈릭, 크리스퍼 클래식BLT, 몬스터와퍼",,와퍼&주니어
BurgerKing,와퍼주니어X2+프라이L+콜라L,1600,1338,0,64.0,38.0,0,14.0,0,0,1576,"원산지 쇠고기 - 호주산과 뉴질랜드산 섞음/뉴질랜드산과 호주산 섞음 : 와퍼류, 더블오리지널치즈맥시멈2,3, 원파운더, 골든에그트러플머쉬룸, 딥트러플머쉬룸더블 - 호주산과 뉴질랜드산 섞음/뉴질랜드산과 호주산 섞음 : 버거류 (주니어 포함) - 호주산과 뉴질랜드산 섞음 : 오리지널스 뉴욕스테이크, 오리지널스 메이플갈릭 * 와퍼류와 버거류의 쇠고기 원산지는 버거킹 APP 또는 매장 영수증, 주문 전 매장에서 확인 가능합니다. 돼지고기 - 외국산 : 베이컨(오리지널스 뉴욕스테이크, 오리지널스 메이플갈릭, 크리스퍼 클래식BLT, 몬스터와퍼",,와퍼&주니어
BurgerKing,치치마X2+프라이L+콜라L,1600,1866,0,64.0,44.0,0,24.0,0,0,2707,"원산지 쇠고기 - 호주산과 뉴질랜드산 섞음/뉴질랜드산과 호주산 섞음 : 와퍼류, 더블오리지널치즈맥시멈2,3, 원파운더, 골든에그트러플머쉬룸, 딥트러플머쉬룸더블 - 호주산과 뉴질랜드산 섞음/뉴질랜드산과 호주산 섞음 : 버거류 (주니어 포함) - 호주산과 뉴질랜드산 섞음 : 오리지널스 뉴욕스테이크, 오리지널스 메이플갈릭 * 와퍼류와 버거류의 쇠고기 원산지는 버거킹 APP 또는 매장 영수증, 주문 전 매장에서 확인 가능합니다. 돼지고기 - 외국산 : 베이컨(오리지널스 뉴욕스테이크, 오리지널스 메이플갈릭, 크리스퍼 클래식BLT, 몬스터와퍼",,와퍼&주니어
BurgerKing,와주X치치마+프라이L+콜라L,1600,1602,0,64.0,41.0,0,19.0,0,0,2142,"원산지 쇠고기 - 호주산과 뉴질랜드산 섞음/뉴질랜드산과 호주산 섞음 : 와퍼류, 더블오리지널치즈맥시멈2,3, 원파운더, 골든에그트러플머쉬룸, 딥트러플머쉬룸더블 - 호주산과 뉴질랜드산 섞음/뉴질랜드산과 호주산 섞음 : 버거류 (주니어 포함) - 호주산과 뉴질랜드산 섞음 : 오리지널스 뉴욕스테이크, 오리지널스 메이플갈릭 * 와퍼류와 버거류의 쇠고기 원산지는 버거킹 APP 또는 매장 영수증, 주문 전 매장에서 확인 가능합니다. 돼지고기 - 외국산 : 베이컨(오리지널스 뉴욕스테이크, 오리지널스 메이플갈릭, 크리스퍼 클래식BLT, 몬스터와퍼",,와퍼&주니어
BurgerKing,치즈와퍼주니어X2+FF(L)+콜라L,1600,1430,0,65.0,40.0,0,19.0,0,0,2019,"원산지 쇠고기 - 호주산과 뉴질랜드산 섞음/뉴질랜드산과 호주산 섞음 : 와퍼류, 더블오리지널치즈맥시멈2,3, 원파운더, 골든에그트러플머쉬룸, 딥트러플머쉬룸더블 - 호주산과 뉴질랜드산 섞음/뉴질랜드산과 호주산 섞음 : 버거류 (주니어 포함) - 호주산과 뉴질랜드산 섞음 : 오리지널스 뉴욕스테이크, 오리지널스 메이플갈릭 * 와퍼류와 버거류의 쇠고기 원산지는 버거킹 APP 또는 매장 영수증, 주문 전 매장에서 확인 가능합니다. 돼지고기 - 외국산 : 베이컨(오리지널스 뉴욕스테이크, 오리지널스 메이플갈릭, 크리스퍼 클래식BLT, 몬스터와퍼",,와퍼&주니어
BurgerKing,치즈와퍼,9200,799,0,7.0,35.0,0,18.0,0,0,1571,"원산지 쇠고기 - 호주산과 뉴질랜드산 섞음/뉴질랜드산과 호주산 섞음 : 와퍼류, 더블오리지널치즈맥시멈2,3, 원파운더, 골든에그트러플머쉬룸, 딥트러플머쉬룸더블 - 호주산과 뉴질랜드산 섞음/뉴질랜드산과 호주산 섞음 : 버거류 (주니어 포함) - 호주산과 뉴질랜드산 섞음 : 오리지널스 뉴욕스테이크, 오리지널스 메이플갈릭 * 와퍼류와 버거류의 쇠고기 원산지는 버거킹 APP 또는 매장 영수증, 주문 전 매장에서 확인 가능합니다. 돼지고기 - 외국산 : 베이컨(오리지널스 뉴욕스테이크, 오리지널스 메이플갈릭, 크리스퍼 클래식BLT, 몬스터와퍼",불에 직접 구운 순 쇠고기 패티가 들어간 와퍼에 고소한 치즈까지!,와퍼&주니어
BurgerKing,치즈와퍼 세트,12000,1229,0,47.0,39.0,0,21.0,0,0,1921,"원산지 쇠고기 - 호주산과 뉴질랜드산 섞음/뉴질랜드산과 호주산 섞음 : 와퍼류, 더블오리지널치즈맥시멈2,3, 원파운더, 골든에그트러플머쉬룸, 딥트러플머쉬룸더블 - 호주산과 뉴질랜드산 섞음/뉴질랜드산과 호주산 섞음 : 버거류 (주니어 포함) - 호주산과 뉴질랜드산 섞음 : 오리지널스 뉴욕스테이크, 오리지널스 메이플갈릭 * 와퍼류와 버거류의 쇠고기 원산지는 버거킹 APP 또는 매장 영수증, 주문 전 매장에서 확인 가능합니다. 돼지고기 - 외국산 : 베이컨(오리지널스 뉴욕스테이크, 오리지널스 메이플갈릭, 크리스퍼 클래식BLT, 몬스터와퍼",불에 직접 구운 순 쇠고기 패티가 들어간 와퍼에 고소한 치즈까지!,와퍼&주니어
BurgerKing,치즈와퍼 라지세트,10100,1384,0,64.0,40.0,0,22.0,0,0,2036,"원산지 쇠고기 - 호주산과 뉴질랜드산 섞음/뉴질랜드산과 호주산 섞음 : 와퍼류, 더블오리지널치즈맥시멈2,3, 원파운더, 골든에그트러플머쉬룸, 딥트러플머쉬룸더블 - 호주산과 뉴질랜드산 섞음/뉴질랜드산과 호주산 섞음 : 버거류 (주니어 포함) - 호주산과 뉴질랜드산 섞음 : 오리지널스 뉴욕스테이크, 오리지널스 메이플갈릭 * 와퍼류와 버거류의 쇠고기 원산지는 버거킹 APP 또는 매장 영수증, 주문 전 매장에서 확인 가능합니다. 돼지고기 - 외국산 : 베이컨(오리지널스 뉴욕스테이크, 오리지널스 메이플갈릭, 크리스퍼 클래식BLT, 몬스터와퍼",불에 직접 구운 순 쇠고기 패티가 들어간 와퍼에 고소한 치즈까지!,와퍼&주니어
BurgerKing,갈릭불고기와퍼 세트,12500,1198,0,48.0,35.0,0,16.0,0,0,1356,"원산지 쇠고기 - 호주산과 뉴질랜드산 섞음/뉴질랜드산과 호주산 섞음 : 와퍼류, 더블오리지널치즈맥시멈2,3, 원파운더, 골든에그트러플머쉬룸, 딥트러플머쉬룸더블 - 호주산과 뉴질랜드산 섞음/뉴질랜드산과 호주산 섞음 : 버거류 (주니어 포함) - 호주산과 뉴질랜드산 섞음 : 오리지널스 뉴욕스테이크, 오리지널스 메이플갈릭 * 와퍼류와 버거류의 쇠고기 원산지는 버거킹 APP 또는 매장 영수증, 주문 전 매장에서 확인 가능합니다. 돼지고기 - 외국산 : 베이컨(오리지널스 뉴욕스테이크, 오리지널스 메이플갈릭, 크리스퍼 클래식BLT, 몬스터와퍼",,와퍼&주니어
BurgerKing,갈릭불고기와퍼,9000,768,0,9.0,31.0,0,12.0,0,0,1007,"원산지 쇠고기 - 호주산과 뉴질랜드산 섞음/뉴질랜드산과 호주산 섞음 : 와퍼류, 더블오리지널치즈맥시멈2,3, 원파운더, 골든에그트러플머쉬룸, 딥트러플머쉬룸더블 - 호주산과 뉴질랜드산 섞음/뉴질랜드산과 호주산 섞음 : 버거류 (주니어 포함) - 호주산과 뉴질랜드산 섞음 : 오리지널스 뉴욕스테이크, 오리지널스 메이플갈릭 * 와퍼류와 버거류의 쇠고기 원산지는 버거킹 APP 또는 매장 영수증, 주문 전 매장에서 확인 가능합니다. 돼지고기 - 외국산 : 베이컨(오리지널스 뉴욕스테이크, 오리지널스 메이플갈릭, 크리스퍼 클래식BLT, 몬스터와퍼",,와퍼&주니어
BurgerKing,갈릭불고기와퍼 라지세트,10100,1353,0,65.0,36.0,0,17.0,0,0,1471,"원산지 쇠고기 - 호주산과 뉴질랜드산 섞음/뉴질랜드산과 호주산 섞음 : 와퍼류, 더블오리지널치즈맥시멈2,3, 원파운더, 골든에그트러플머쉬룸, 딥트러플머쉬룸더블 - 호주산과 뉴질랜드산 섞음/뉴질랜드산과 호주산 섞음 : 버거류 (주니어 포함) - 호주산과 뉴질랜드산 섞음 : 오리지널스 뉴욕스테이크, 오리지널스 메이플갈릭 * 와퍼류와 버거류의 쇠고기 원산지는 버거킹 APP 또는 매장 영수증, 주문 전 매장에서 확인 가능합니다. 돼지고기 - 외국산 : 베이컨(오리지널스 뉴욕스테이크, 오리지널스 메이플갈릭, 크리스퍼 클래식BLT, 몬스터와퍼",,와퍼&주니어
BurgerKing,와퍼 라지세트,10100,1291,0,66.0,35.0,0,17.0,0,0,1562,"원산지 쇠고기 - 호주산과 뉴질랜드산 섞음/뉴질랜드산과 호주산 섞음 : 와퍼류, 더블오리지널치즈맥시멈2,3, 원파운더, 골든에그트러플머쉬룸, 딥트러플머쉬룸더블 - 호주산과 뉴질랜드산 섞음/뉴질랜드산과 호주산 섞음 : 버거류 (주니어 포함) - 호주산과 뉴질랜드산 섞음 : 오리지널스 뉴욕스테이크, 오리지널스 메이플갈릭 * 와퍼류와 버거류의 쇠고기 원산지는 버거킹 APP 또는 매장 영수증, 주문 전 매장에서 확인 가능합니다. 돼지고기 - 외국산 : 베이컨(오리지널스 뉴욕스테이크, 오리지널스 메이플갈릭, 크리스퍼 클래식BLT, 몬스터와퍼",불에 직접 구운 순 쇠고기 패티에 싱싱한 야채가 한가득~ 버거킹의 대표 메뉴!,와퍼&주니어
BurgerKing,와퍼 세트,11100,1136,0,49.0,34.0,0,16.0,0,0,1448,"원산지 쇠고기 - 호주산과 뉴질랜드산 섞음/뉴질랜드산과 호주산 섞음 : 와퍼류, 더블오리지널치즈맥시멈2,3, 원파운더, 골든에그트러플머쉬룸, 딥트러플머쉬룸더블 - 호주산과 뉴질랜드산 섞음/뉴질랜드산과 호주산 섞음 : 버거류 (주니어 포함) - 호주산과 뉴질랜드산 섞음 : 오리지널스 뉴욕스테이크, 오리지널스 메이플갈릭 * 와퍼류와 버거류의 쇠고기 원산지는 버거킹 APP 또는 매장 영수증, 주문 전 매장에서 확인 가능합니다. 돼지고기 - 외국산 : 베이컨(오리지널스 뉴욕스테이크, 오리지널스 메이플갈릭, 크리스퍼 클래식BLT, 몬스터와퍼",불에 직접 구운 순 쇠고기 패티에 싱싱한 야채가 한가득~ 버거킹의 대표 메뉴!,와퍼&주니어
BurgerKing,와퍼,8700,706,0,10.0,30.0,0,12.0,0,0,1098,"원산지 쇠고기 - 호주산과 뉴질랜드산 섞음/뉴질랜드산과 호주산 섞음 : 와퍼류, 더블오리지널치즈맥시멈2,3, 원파운더, 골든에그트러플머쉬룸, 딥트러플머쉬룸더블 - 호주산과 뉴질랜드산 섞음/뉴질랜드산과 호주산 섞음 : 버거류 (주니어 포함) - 호주산과 뉴질랜드산 섞음 : 오리지널스 뉴욕스테이크, 오리지널스 메이플갈릭 * 와퍼류와 버거류의 쇠고기 원산지는 버거킹 APP 또는 매장 영수증, 주문 전 매장에서 확인 가능합니다. 돼지고기 - 외국산 : 베이컨(오리지널스 뉴욕스테이크, 오리지널스 메이플갈릭, 크리스퍼 클래식BLT, 몬스터와퍼",불에 직접 구운 순 쇠고기 패티에 싱싱한 야채가 한가득~ 버거킹의 대표 메뉴!,와퍼&주니어
BurgerKing,불고기와퍼 라지세트,10100,1322,0,67.0,36.0,0,17.0,0,0,1602,"원산지 쇠고기 - 호주산과 뉴질랜드산 섞음/뉴질랜드산과 호주산 섞음 : 와퍼류, 더블오리지널치즈맥시멈2,3, 원파운더, 골든에그트러플머쉬룸, 딥트러플머쉬룸더블 - 호주산과 뉴질랜드산 섞음/뉴질랜드산과 호주산 섞음 : 버거류 (주니어 포함) - 호주산과 뉴질랜드산 섞음 : 오리지널스 뉴욕스테이크, 오리지널스 메이플갈릭 * 와퍼류와 버거류의 쇠고기 원산지는 버거킹 APP 또는 매장 영수증, 주문 전 매장에서 확인 가능합니다. 돼지고기 - 외국산 : 베이컨(오리지널스 뉴욕스테이크, 오리지널스 메이플갈릭, 크리스퍼 클래식BLT, 몬스터와퍼",불에 직접 구운 순 쇠고기 패티가 들어간 와퍼에 달콤한 불고기 소스까지!,와퍼&주니어
BurgerKing,불고기와퍼,8700,738,0,10.0,31.0,0,13.0,0,0,1137,"원산지 쇠고기 - 호주산과 뉴질랜드산 섞음/뉴질랜드산과 호주산 섞음 : 와퍼류, 더블오리지널치즈맥시멈2,3, 원파운더, 골든에그트러플머쉬룸, 딥트러플머쉬룸더블 - 호주산과 뉴질랜드산 섞음/뉴질랜드산과 호주산 섞음 : 버거류 (주니어 포함) - 호주산과 뉴질랜드산 섞음 : 오리지널스 뉴욕스테이크, 오리지널스 메이플갈릭 * 와퍼류와 버거류의 쇠고기 원산지는 버거킹 APP 또는 매장 영수증, 주문 전 매장에서 확인 가능합니다. 돼지고기 - 외국산 : 베이컨(오리지널스 뉴욕스테이크, 오리지널스 메이플갈릭, 크리스퍼 클래식BLT, 몬스터와퍼",불에 직접 구운 순 쇠고기 패티가 들어간 와퍼에 달콤한 불고기 소스까지!,와퍼&주니어
BurgerKing,불고기와퍼 세트,11200,1167,0,50.0,35.0,0,16.0,0,0,1487,"원산지 쇠고기 - 호주산과 뉴질랜드산 섞음/뉴질랜드산과 호주산 섞음 : 와퍼류, 더블오리지널치즈맥시멈2,3, 원파운더, 골든에그트러플머쉬룸, 딥트러플머쉬룸더블 - 호주산과 뉴질랜드산 섞음/뉴질랜드산과 호주산 섞음 : 버거류 (주니어 포함) - 호주산과 뉴질랜드산 섞음 : 오리지널스 뉴욕스테이크, 오리지널스 메이플갈릭 * 와퍼류와 버거류의 쇠고기 원산지는 버거킹 APP 또는 매장 영수증, 주문 전 매장에서 확인 가능합니다. 돼지고기 - 외국산 : 베이컨(오리지널스 뉴욕스테이크, 오리지널스 메이플갈릭, 크리스퍼 클래식BLT, 몬스터와퍼",불에 직접 구운 순 쇠고기 패티가 들어간 와퍼에 달콤한 불고기 소스까지!,와퍼&주니어
BurgerKing,콰트로치즈와퍼주니어 세트,9400,900,0,43.0,25.0,0,13.0,0,0,1183,"원산지 쇠고기 - 호주산과 뉴질랜드산 섞음/뉴질랜드산과 호주산 섞음 : 와퍼류, 더블오리지널치즈맥시멈2,3, 원파운더, 골든에그트러플머쉬룸, 딥트러플머쉬룸더블 - 호주산과 뉴질랜드산 섞음/뉴질랜드산과 호주산 섞음 : 버거류 (주니어 포함) - 호주산과 뉴질랜드산 섞음 : 오리지널스 뉴욕스테이크, 오리지널스 메이플갈릭 * 와퍼류와 버거류의 쇠고기 원산지는 버거킹 APP 또는 매장 영수증, 주문 전 매장에서 확인 가능합니다. 돼지고기 - 외국산 : 베이컨(오리지널스 뉴욕스테이크, 오리지널스 메이플갈릭, 크리스퍼 클래식BLT, 몬스터와퍼","진짜 불맛을 즐겨라, 4가지 고품격 치즈와 불에 직접 구운 와퍼 패티의 만남!",와퍼&주니어
BurgerKing,콰트로치즈 와퍼주니어,9500,470,0,4.0,21.0,0,10.0,0,0,833,"원산지 쇠고기 - 호주산과 뉴질랜드산 섞음/뉴질랜드산과 호주산 섞음 : 와퍼류, 더블오리지널치즈맥시멈2,3, 원파운더, 골든에그트러플머쉬룸, 딥트러플머쉬룸더블 - 호주산과 뉴질랜드산 섞음/뉴질랜드산과 호주산 섞음 : 버거류 (주니어 포함) - 호주산과 뉴질랜드산 섞음 : 오리지널스 뉴욕스테이크, 오리지널스 메이플갈릭 * 와퍼류와 버거류의 쇠고기 원산지는 버거킹 APP 또는 매장 영수증, 주문 전 매장에서 확인 가능합니다. 돼지고기 - 외국산 : 베이컨(오리지널스 뉴욕스테이크, 오리지널스 메이플갈릭, 크리스퍼 클래식BLT, 몬스터와퍼","진짜 불맛을 즐겨라, 4가지 고품격 치즈와 불에 직접 구운 와퍼 패티의 만남!",와퍼&주니어
BurgerKing,콰트로치즈와퍼주니어 라지세트,10100,1055,0,60.0,26.0,0,14.0,0,0,1298,"원산지 쇠고기 - 호주산과 뉴질랜드산 섞음/뉴질랜드산과 호주산 섞음 : 와퍼류, 더블오리지널치즈맥시멈2,3, 원파운더, 골든에그트러플머쉬룸, 딥트러플머쉬룸더블 - 호주산과 뉴질랜드산 섞음/뉴질랜드산과 호주산 섞음 : 버거류 (주니어 포함) - 호주산과 뉴질랜드산 섞음 : 오리지널스 뉴욕스테이크, 오리지널스 메이플갈릭 * 와퍼류와 버거류의 쇠고기 원산지는 버거킹 APP 또는 매장 영수증, 주문 전 매장에서 확인 가능합니다. 돼지고기 - 외국산 : 베이컨(오리지널스 뉴욕스테이크, 오리지널스 메이플갈릭, 크리스퍼 클래식BLT, 몬스터와퍼","진짜 불맛을 즐겨라, 4가지 고품격 치즈와 불에 직접 구운 와퍼 패티의 만남!",와퍼&주니어
BurgerKing,통새우와퍼주니어 세트,9400,844,0,44.0,21.0,0,10.0,0,0,1008,"원산지 쇠고기 - 호주산과 뉴질랜드산 섞음/뉴질랜드산과 호주산 섞음 : 와퍼류, 더블오리지널치즈맥시멈2,3, 원파운더, 골든에그트러플머쉬룸, 딥트러플머쉬룸더블 - 호주산과 뉴질랜드산 섞음/뉴질랜드산과 호주산 섞음 : 버거류 (주니어 포함) - 호주산과 뉴질랜드산 섞음 : 오리지널스 뉴욕스테이크, 오리지널스 메이플갈릭 * 와퍼류와 버거류의 쇠고기 원산지는 버거킹 APP 또는 매장 영수증, 주문 전 매장에서 확인 가능합니다. 돼지고기 - 외국산 : 베이컨(오리지널스 뉴욕스테이크, 오리지널스 메이플갈릭, 크리스퍼 클래식BLT, 몬스터와퍼","불맛 가득 순쇠고기, 갈릭페퍼 통새우, 스파이시토마토소스가 더해진 프리미엄 버거",와퍼&주니어
BurgerKing,통새우와퍼주니어 라지세트,10100,999,0,61.0,22.0,0,11.0,0,0,1123,"원산지 쇠고기 - 호주산과 뉴질랜드산 섞음/뉴질랜드산과 호주산 섞음 : 와퍼류, 더블오리지널치즈맥시멈2,3, 원파운더, 골든에그트러플머쉬룸, 딥트러플머쉬룸더블 - 호주산과 뉴질랜드산 섞음/뉴질랜드산과 호주산 섞음 : 버거류 (주니어 포함) - 호주산과 뉴질랜드산 섞음 : 오리지널스 뉴욕스테이크, 오리지널스 메이플갈릭 * 와퍼류와 버거류의 쇠고기 원산지는 버거킹 APP 또는 매장 영수증, 주문 전 매장에서 확인 가능합니다. 돼지고기 - 외국산 : 베이컨(오리지널스 뉴욕스테이크, 오리지널스 메이플갈릭, 크리스퍼 클래식BLT, 몬스터와퍼","불맛 가득 순쇠고기, 갈릭페퍼 통새우, 스파이시토마토소스가 더해진 프리미엄 버거",와퍼&주니어
BurgerKing,통새우와퍼주니어,9500,414,0,5.0,17.0,0,7.0,0,0,658,"원산지 쇠고기 - 호주산과 뉴질랜드산 섞음/뉴질랜드산과 호주산 섞음 : 와퍼류, 더블오리지널치즈맥시멈2,3, 원파운더, 골든에그트러플머쉬룸, 딥트러플머쉬룸더블 - 호주산과 뉴질랜드산 섞음/뉴질랜드산과 호주산 섞음 : 버거류 (주니어 포함) - 호주산과 뉴질랜드산 섞음 : 오리지널스 뉴욕스테이크, 오리지널스 메이플갈릭 * 와퍼류와 버거류의 쇠고기 원산지는 버거킹 APP 또는 매장 영수증, 주문 전 매장에서 확인 가능합니다. 돼지고기 - 외국산 : 베이컨(오리지널스 뉴욕스테이크, 오리지널스 메이플갈릭, 크리스퍼 클래식BLT, 몬스터와퍼","불맛 가득 순쇠고기, 갈릭페퍼 통새우, 스파이시토마토소스가 더해진 프리미엄 버거",와퍼&주니어
BurgerKing,더블비프불고기버거,3100,565,0,6.0,26.0,0,12.0,0,0,796,"원산지 쇠고기 - 호주산과 뉴질랜드산 섞음/뉴질랜드산과 호주산 섞음 : 와퍼류, 더블오리지널치즈맥시멈2,3, 원파운더, 골든에그트러플머쉬룸, 딥트러플머쉬룸더블 - 호주산과 뉴질랜드산 섞음/뉴질랜드산과 호주산 섞음 : 버거류 (주니어 포함) - 호주산과 뉴질랜드산 섞음 : 오리지널스 뉴욕스테이크, 오리지널스 메이플갈릭 * 와퍼류와 버거류의 쇠고기 원산지는 버거킹 APP 또는 매장 영수증, 주문 전 매장에서 확인 가능합니다. 돼지고기 - 외국산 : 베이컨(오리지널스 뉴욕스테이크, 오리지널스 메이플갈릭, 크리스퍼 클래식BLT, 몬스터와퍼",달콤한 불고기 소스에 더블 패티로 더욱 깊어진 감칠맛!,와퍼&주니어
BurgerKing,더블비프불고기버거세트,8500,994,0,45.0,30.0,0,15.0,0,0,1146,"원산지 쇠고기 - 호주산과 뉴질랜드산 섞음/뉴질랜드산과 호주산 섞음 : 와퍼류, 더블오리지널치즈맥시멈2,3, 원파운더, 골든에그트러플머쉬룸, 딥트러플머쉬룸더블 - 호주산과 뉴질랜드산 섞음/뉴질랜드산과 호주산 섞음 : 버거류 (주니어 포함) - 호주산과 뉴질랜드산 섞음 : 오리지널스 뉴욕스테이크, 오리지널스 메이플갈릭 * 와퍼류와 버거류의 쇠고기 원산지는 버거킹 APP 또는 매장 영수증, 주문 전 매장에서 확인 가능합니다. 돼지고기 - 외국산 : 베이컨(오리지널스 뉴욕스테이크, 오리지널스 메이플갈릭, 크리스퍼 클래식BLT, 몬스터와퍼",달콤한 불고기 소스에 더블 패티로 더욱 깊어진 감칠맛!,와퍼&주니어
BurgerKing,더블비프불고기버거라지세트,6100,1150,0,62.0,31.0,0,16.0,0,0,1261,"원산지 쇠고기 - 호주산과 뉴질랜드산 섞음/뉴질랜드산과 호주산 섞음 : 와퍼류, 더블오리지널치즈맥시멈2,3, 원파운더, 골든에그트러플머쉬룸, 딥트러플머쉬룸더블 - 호주산과 뉴질랜드산 섞음/뉴질랜드산과 호주산 섞음 : 버거류 (주니어 포함) - 호주산과 뉴질랜드산 섞음 : 오리지널스 뉴욕스테이크, 오리지널스 메이플갈릭 * 와퍼류와 버거류의 쇠고기 원산지는 버거킹 APP 또는 매장 영수증, 주문 전 매장에서 확인 가능합니다. 돼지고기 - 외국산 : 베이컨(오리지널스 뉴욕스테이크, 오리지널스 메이플갈릭, 크리스퍼 클래식BLT, 몬스터와퍼",달콤한 불고기 소스에 더블 패티로 더욱 깊어진 감칠맛!,와퍼&주니어
BurgerKing,와퍼주니어 세트,8800,806,0,43.0,20.0,0,8.0,0,0,906,"원산지 쇠고기 - 호주산과 뉴질랜드산 섞음/뉴질랜드산과 호주산 섞음 : 와퍼류, 더블오리지널치즈맥시멈2,3, 원파운더, 골든에그트러플머쉬룸, 딥트러플머쉬룸더블 - 호주산과 뉴질랜드산 섞음/뉴질랜드산과 호주산 섞음 : 버거류 (주니어 포함) - 호주산과 뉴질랜드산 섞음 : 오리지널스 뉴욕스테이크, 오리지널스 메이플갈릭 * 와퍼류와 버거류의 쇠고기 원산지는 버거킹 APP 또는 매장 영수증, 주문 전 매장에서 확인 가능합니다. 돼지고기 - 외국산 : 베이컨(오리지널스 뉴욕스테이크, 오리지널스 메이플갈릭, 크리스퍼 클래식BLT, 몬스터와퍼",불에 직접 구운 순 쇠고기 패티가 들어간 와퍼의 주니어 버전~ 작지만 꽉 찼다!,와퍼&주니어
BurgerKing,와퍼주니어 라지세트,10100,961,0,60.0,21.0,0,9.0,0,0,1020,"원산지 쇠고기 - 호주산과 뉴질랜드산 섞음/뉴질랜드산과 호주산 섞음 : 와퍼류, 더블오리지널치즈맥시멈2,3, 원파운더, 골든에그트러플머쉬룸, 딥트러플머쉬룸더블 - 호주산과 뉴질랜드산 섞음/뉴질랜드산과 호주산 섞음 : 버거류 (주니어 포함) - 호주산과 뉴질랜드산 섞음 : 오리지널스 뉴욕스테이크, 오리지널스 메이플갈릭 * 와퍼류와 버거류의 쇠고기 원산지는 버거킹 APP 또는 매장 영수증, 주문 전 매장에서 확인 가능합니다. 돼지고기 - 외국산 : 베이컨(오리지널스 뉴욕스테이크, 오리지널스 메이플갈릭, 크리스퍼 클래식BLT, 몬스터와퍼",불에 직접 구운 순 쇠고기 패티가 들어간 와퍼의 주니어 버전~ 작지만 꽉 찼다!,와퍼&주니어
BurgerKing,와퍼주니어,8700,376,0,4.0,17.0,0,5.0,0,0,556,"원산지 쇠고기 - 호주산과 뉴질랜드산 섞음/뉴질랜드산과 호주산 섞음 : 와퍼류, 더블오리지널치즈맥시멈2,3, 원파운더, 골든에그트러플머쉬룸, 딥트러플머쉬룸더블 - 호주산과 뉴질랜드산 섞음/뉴질랜드산과 호주산 섞음 : 버거류 (주니어 포함) - 호주산과 뉴질랜드산 섞음 : 오리지널스 뉴욕스테이크, 오리지널스 메이플갈릭 * 와퍼류와 버거류의 쇠고기 원산지는 버거킹 APP 또는 매장 영수증, 주문 전 매장에서 확인 가능합니다. 돼지고기 - 외국산 : 베이컨(오리지널스 뉴욕스테이크, 오리지널스 메이플갈릭, 크리스퍼 클래식BLT, 몬스터와퍼",불에 직접 구운 순 쇠고기 패티가 들어간 와퍼의 주니어 버전~ 작지만 꽉 찼다!,와퍼&주니어
BurgerKing,불고기와퍼주니어,8700,413,0,5.0,16.0,0,6.0,0,0,617,"원산지 쇠고기 - 호주산과 뉴질랜드산 섞음/뉴질랜드산과 호주산 섞음 : 와퍼류, 더블오리지널치즈맥시멈2,3, 원파운더, 골든에그트러플머쉬룸, 딥트러플머쉬룸더블 - 호주산과 뉴질랜드산 섞음/뉴질랜드산과 호주산 섞음 : 버거류 (주니어 포함) - 호주산과 뉴질랜드산 섞음 : 오리지널스 뉴욕스테이크, 오리지널스 메이플갈릭 * 와퍼류와 버거류의 쇠고기 원산지는 버거킹 APP 또는 매장 영수증, 주문 전 매장에서 확인 가능합니다. 돼지고기 - 외국산 : 베이컨(오리지널스 뉴욕스테이크, 오리지널스 메이플갈릭, 크리스퍼 클래식BLT, 몬스터와퍼",불에 직접 구운 순 쇠고기 패티가 들어간 와퍼주니어에 달콤한 불고기 소스까지!,와퍼&주니어
BurgerKing,불고기와퍼주니어라지세트,10100,998,0,61.0,21.0,0,10.0,0,0,1081,"원산지 쇠고기 - 호주산과 뉴질랜드산 섞음/뉴질랜드산과 호주산 섞음 : 와퍼류, 더블오리지널치즈맥시멈2,3, 원파운더, 골든에그트러플머쉬룸, 딥트러플머쉬룸더블 - 호주산과 뉴질랜드산 섞음/뉴질랜드산과 호주산 섞음 : 버거류 (주니어 포함) - 호주산과 뉴질랜드산 섞음 : 오리지널스 뉴욕스테이크, 오리지널스 메이플갈릭 * 와퍼류와 버거류의 쇠고기 원산지는 버거킹 APP 또는 매장 영수증, 주문 전 매장에서 확인 가능합니다. 돼지고기 - 외국산 : 베이컨(오리지널스 뉴욕스테이크, 오리지널스 메이플갈릭, 크리스퍼 클래식BLT, 몬스터와퍼",불에 직접 구운 순 쇠고기 패티가 들어간 와퍼주니어에 달콤한 불고기 소스까지!,와퍼&주니어
BurgerKing,불고기와퍼주니어세트,8800,843,0,44.0,19.0,0,9.0,0,0,966,"원산지 쇠고기 - 호주산과 뉴질랜드산 섞음/뉴질랜드산과 호주산 섞음 : 와퍼류, 더블오리지널치즈맥시멈2,3, 원파운더, 골든에그트러플머쉬룸, 딥트러플머쉬룸더블 - 호주산과 뉴질랜드산 섞음/뉴질랜드산과 호주산 섞음 : 버거류 (주니어 포함) - 호주산과 뉴질랜드산 섞음 : 오리지널스 뉴욕스테이크, 오리지널스 메이플갈릭 * 와퍼류와 버거류의 쇠고기 원산지는 버거킹 APP 또는 매장 영수증, 주문 전 매장에서 확인 가능합니다. 돼지고기 - 외국산 : 베이컨(오리지널스 뉴욕스테이크, 오리지널스 메이플갈릭, 크리스퍼 클래식BLT, 몬스터와퍼",불에 직접 구운 순 쇠고기 패티가 들어간 와퍼주니어에 달콤한 불고기 소스까지!,와퍼&주니어
BurgerKing,치즈와퍼주니어 세트,9000,852,0,44.0,21.0,0,11.0,0,0,1127,"원산지 쇠고기 - 호주산과 뉴질랜드산 섞음/뉴질랜드산과 호주산 섞음 : 와퍼류, 더블오리지널치즈맥시멈2,3, 원파운더, 골든에그트러플머쉬룸, 딥트러플머쉬룸더블 - 호주산과 뉴질랜드산 섞음/뉴질랜드산과 호주산 섞음 : 버거류 (주니어 포함) - 호주산과 뉴질랜드산 섞음 : 오리지널스 뉴욕스테이크, 오리지널스 메이플갈릭 * 와퍼류와 버거류의 쇠고기 원산지는 버거킹 APP 또는 매장 영수증, 주문 전 매장에서 확인 가능합니다. 돼지고기 - 외국산 : 베이컨(오리지널스 뉴욕스테이크, 오리지널스 메이플갈릭, 크리스퍼 클래식BLT, 몬스터와퍼",불에 직접 구운 순 쇠고기 패티가 들어간 와퍼주니어에 고소한 치즈 추가!,와퍼&주니어
BurgerKing,치즈와퍼주니어 라지세트,10100,1007,0,60.0,23.0,0,12.0,0,0,1242,"원산지 쇠고기 - 호주산과 뉴질랜드산 섞음/뉴질랜드산과 호주산 섞음 : 와퍼류, 더블오리지널치즈맥시멈2,3, 원파운더, 골든에그트러플머쉬룸, 딥트러플머쉬룸더블 - 호주산과 뉴질랜드산 섞음/뉴질랜드산과 호주산 섞음 : 버거류 (주니어 포함) - 호주산과 뉴질랜드산 섞음 : 오리지널스 뉴욕스테이크, 오리지널스 메이플갈릭 * 와퍼류와 버거류의 쇠고기 원산지는 버거킹 APP 또는 매장 영수증, 주문 전 매장에서 확인 가능합니다. 돼지고기 - 외국산 : 베이컨(오리지널스 뉴욕스테이크, 오리지널스 메이플갈릭, 크리스퍼 클래식BLT, 몬스터와퍼",불에 직접 구운 순 쇠고기 패티가 들어간 와퍼주니어에 고소한 치즈 추가!,와퍼&주니어
BurgerKing,치즈와퍼주니어,9200,422,0,4.0,18.0,0,7.0,0,0,778,"원산지 쇠고기 - 호주산과 뉴질랜드산 섞음/뉴질랜드산과 호주산 섞음 : 와퍼류, 더블오리지널치즈맥시멈2,3, 원파운더, 골든에그트러플머쉬룸, 딥트러플머쉬룸더블 - 호주산과 뉴질랜드산 섞음/뉴질랜드산과 호주산 섞음 : 버거류 (주니어 포함) - 호주산과 뉴질랜드산 섞음 : 오리지널스 뉴욕스테이크, 오리지널스 메이플갈릭 * 와퍼류와 버거류의 쇠고기 원산지는 버거킹 APP 또는 매장 영수증, 주문 전 매장에서 확인 가능합니다. 돼지고기 - 외국산 : 베이컨(오리지널스 뉴욕스테이크, 오리지널스 메이플갈릭, 크리스퍼 클래식BLT, 몬스터와퍼",불에 직접 구운 순 쇠고기 패티가 들어간 와퍼주니어에 고소한 치즈 추가!,와퍼&주니어
BurgerKing,비프불고기버거,3100,384,0,5.0,15.0,0,5.0,0,0,492,"원산지 쇠고기 - 호주산과 뉴질랜드산 섞음/뉴질랜드산과 호주산 섞음 : 와퍼류, 더블오리지널치즈맥시멈2,3, 원파운더, 골든에그트러플머쉬룸, 딥트러플머쉬룸더블 - 호주산과 뉴질랜드산 섞음/뉴질랜드산과 호주산 섞음 : 버거류 (주니어 포함) - 호주산과 뉴질랜드산 섞음 : 오리지널스 뉴욕스테이크, 오리지널스 메이플갈릭 * 와퍼류와 버거류의 쇠고기 원산지는 버거킹 APP 또는 매장 영수증, 주문 전 매장에서 확인 가능합니다. 돼지고기 - 외국산 : 베이컨(오리지널스 뉴욕스테이크, 오리지널스 메이플갈릭, 크리스퍼 클래식BLT, 몬스터와퍼","달콤한 불고기소스와 100% 순쇠고기 패티의 감칠맛나는 조화, 비프불고기버거!",와퍼&주니어
BurgerKing,비프불고기버거 세트,7500,813,0,44.0,19.0,0,9.0,0,0,841,"원산지 쇠고기 - 호주산과 뉴질랜드산 섞음/뉴질랜드산과 호주산 섞음 : 와퍼류, 더블오리지널치즈맥시멈2,3, 원파운더, 골든에그트러플머쉬룸, 딥트러플머쉬룸더블 - 호주산과 뉴질랜드산 섞음/뉴질랜드산과 호주산 섞음 : 버거류 (주니어 포함) - 호주산과 뉴질랜드산 섞음 : 오리지널스 뉴욕스테이크, 오리지널스 메이플갈릭 * 와퍼류와 버거류의 쇠고기 원산지는 버거킹 APP 또는 매장 영수증, 주문 전 매장에서 확인 가능합니다. 돼지고기 - 외국산 : 베이컨(오리지널스 뉴욕스테이크, 오리지널스 메이플갈릭, 크리스퍼 클래식BLT, 몬스터와퍼","달콤한 불고기소스와 100% 순쇠고기 패티의 감칠맛나는 조화, 비프불고기버거!",와퍼&주니어
BurgerKing,비프불고기버거 라지세트,6100,969,0,61.0,20.0,0,10.0,0,0,956,"원산지 쇠고기 - 호주산과 뉴질랜드산 섞음/뉴질랜드산과 호주산 섞음 : 와퍼류, 더블오리지널치즈맥시멈2,3, 원파운더, 골든에그트러플머쉬룸, 딥트러플머쉬룸더블 - 호주산과 뉴질랜드산 섞음/뉴질랜드산과 호주산 섞음 : 버거류 (주니어 포함) - 호주산과 뉴질랜드산 섞음 : 오리지널스 뉴욕스테이크, 오리지널스 메이플갈릭 * 와퍼류와 버거류의 쇠고기 원산지는 버거킹 APP 또는 매장 영수증, 주문 전 매장에서 확인 가능합니다. 돼지고기 - 외국산 : 베이컨(오리지널스 뉴욕스테이크, 오리지널스 메이플갈릭, 크리스퍼 클래식BLT, 몬스터와퍼","달콤한 불고기소스와 100% 순쇠고기 패티의 감칠맛나는 조화, 비프불고기버거!",와퍼&주니어
BurgerKing,치즈버거 세트,7500,810,0,45.0,20.0,0,10.0,0,0,1116,"원산지 쇠고기 - 호주산과 뉴질랜드산 섞음/뉴질랜드산과 호주산 섞음 : 와퍼류, 더블오리지널치즈맥시멈2,3, 원파운더, 골든에그트러플머쉬룸, 딥트러플머쉬룸더블 - 호주산과 뉴질랜드산 섞음/뉴질랜드산과 호주산 섞음 : 버거류 (주니어 포함) - 호주산과 뉴질랜드산 섞음 : 오리지널스 뉴욕스테이크, 오리지널스 메이플갈릭 * 와퍼류와 버거류의 쇠고기 원산지는 버거킹 APP 또는 매장 영수증, 주문 전 매장에서 확인 가능합니다. 돼지고기 - 외국산 : 베이컨(오리지널스 뉴욕스테이크, 오리지널스 메이플갈릭, 크리스퍼 클래식BLT, 몬스터와퍼","불에 구운 쇠고기 패티와 사르르 치즈까지, 작지만 알차다!",와퍼&주니어
BurgerKing,치즈버거 라지세트,5700,965,0,62.0,21.0,0,11.0,0,0,1230,"원산지 쇠고기 - 호주산과 뉴질랜드산 섞음/뉴질랜드산과 호주산 섞음 : 와퍼류, 더블오리지널치즈맥시멈2,3, 원파운더, 골든에그트러플머쉬룸, 딥트러플머쉬룸더블 - 호주산과 뉴질랜드산 섞음/뉴질랜드산과 호주산 섞음 : 버거류 (주니어 포함) - 호주산과 뉴질랜드산 섞음 : 오리지널스 뉴욕스테이크, 오리지널스 메이플갈릭 * 와퍼류와 버거류의 쇠고기 원산지는 버거킹 APP 또는 매장 영수증, 주문 전 매장에서 확인 가능합니다. 돼지고기 - 외국산 : 베이컨(오리지널스 뉴욕스테이크, 오리지널스 메이플갈릭, 크리스퍼 클래식BLT, 몬스터와퍼","불에 구운 쇠고기 패티와 사르르 치즈까지, 작지만 알차다!",와퍼&주니어
BurgerKing,치즈버거,5200,380,0,6.0,16.0,0,7.0,0,0,766,"원산지 쇠고기 - 호주산과 뉴질랜드산 섞음/뉴질랜드산과 호주산 섞음 : 와퍼류, 더블오리지널치즈맥시멈2,3, 원파운더, 골든에그트러플머쉬룸, 딥트러플머쉬룸더블 - 호주산과 뉴질랜드산 섞음/뉴질랜드산과 호주산 섞음 : 버거류 (주니어 포함) - 호주산과 뉴질랜드산 섞음 : 오리지널스 뉴욕스테이크, 오리지널스 메이플갈릭 * 와퍼류와 버거류의 쇠고기 원산지는 버거킹 APP 또는 매장 영수증, 주문 전 매장에서 확인 가능합니다. 돼지고기 - 외국산 : 베이컨(오리지널스 뉴욕스테이크, 오리지널스 메이플갈릭, 크리스퍼 클래식BLT, 몬스터와퍼","불에 구운 쇠고기 패티와 사르르 치즈까지, 작지만 알차다!",와퍼&주니어
BurgerKing,크리스퍼 불닭 치킨 세트,9700,923,0,46.0,28.0,0,10.0,0,0,1792,"원산지 쇠고기 - 호주산과 뉴질랜드산 섞음/뉴질랜드산과 호주산 섞음 : 와퍼류, 더블오리지널치즈맥시멈2,3, 원파운더, 골든에그트러플머쉬룸, 딥트러플머쉬룸더블 - 호주산과 뉴질랜드산 섞음/뉴질랜드산과 호주산 섞음 : 버거류 (주니어 포함) - 호주산과 뉴질랜드산 섞음 : 오리지널스 뉴욕스테이크, 오리지널스 메이플갈릭 * 와퍼류와 버거류의 쇠고기 원산지는 버거킹 APP 또는 매장 영수증, 주문 전 매장에서 확인 가능합니다. 돼지고기 - 외국산 : 베이컨(오리지널스 뉴욕스테이크, 오리지널스 메이플갈릭, 크리스퍼 클래식BLT, 몬스터와퍼",두툼한 통닭가슴살에 먹을 수록 중독되는 불닭소스,치킨&슈림프버거
BurgerKing,크리스퍼 불닭 치킨 라지세트,9600,1079,0,63.0,30.0,0,11.0,0,0,572,"원산지 쇠고기 - 호주산과 뉴질랜드산 섞음/뉴질랜드산과 호주산 섞음 : 와퍼류, 더블오리지널치즈맥시멈2,3, 원파운더, 골든에그트러플머쉬룸, 딥트러플머쉬룸더블 - 호주산과 뉴질랜드산 섞음/뉴질랜드산과 호주산 섞음 : 버거류 (주니어 포함) - 호주산과 뉴질랜드산 섞음 : 오리지널스 뉴욕스테이크, 오리지널스 메이플갈릭 * 와퍼류와 버거류의 쇠고기 원산지는 버거킹 APP 또는 매장 영수증, 주문 전 매장에서 확인 가능합니다. 돼지고기 - 외국산 : 베이컨(오리지널스 뉴욕스테이크, 오리지널스 메이플갈릭, 크리스퍼 클래식BLT, 몬스터와퍼",두툼한 통닭가슴살에 먹을 수록 중독되는 불닭소스,치킨&슈림프버거
BurgerKing,크리스퍼 불닭 치킨,4800,494,0,7.0,25.0,0,6.0,0,0,1442,"원산지 쇠고기 - 호주산과 뉴질랜드산 섞음/뉴질랜드산과 호주산 섞음 : 와퍼류, 더블오리지널치즈맥시멈2,3, 원파운더, 골든에그트러플머쉬룸, 딥트러플머쉬룸더블 - 호주산과 뉴질랜드산 섞음/뉴질랜드산과 호주산 섞음 : 버거류 (주니어 포함) - 호주산과 뉴질랜드산 섞음 : 오리지널스 뉴욕스테이크, 오리지널스 메이플갈릭 * 와퍼류와 버거류의 쇠고기 원산지는 버거킹 APP 또는 매장 영수증, 주문 전 매장에서 확인 가능합니다. 돼지고기 - 외국산 : 베이컨(오리지널스 뉴욕스테이크, 오리지널스 메이플갈릭, 크리스퍼 클래식BLT, 몬스터와퍼",두툼한 통닭가슴살에 먹을 수록 중독되는 불닭소스,치킨&슈림프버거
BurgerKing,크리스퍼 양념 치킨 세트,9100,1091,0,55.0,31.0,0,10.0,0,0,1960,"원산지 쇠고기 - 호주산과 뉴질랜드산 섞음/뉴질랜드산과 호주산 섞음 : 와퍼류, 더블오리지널치즈맥시멈2,3, 원파운더, 골든에그트러플머쉬룸, 딥트러플머쉬룸더블 - 호주산과 뉴질랜드산 섞음/뉴질랜드산과 호주산 섞음 : 버거류 (주니어 포함) - 호주산과 뉴질랜드산 섞음 : 오리지널스 뉴욕스테이크, 오리지널스 메이플갈릭 * 와퍼류와 버거류의 쇠고기 원산지는 버거킹 APP 또는 매장 영수증, 주문 전 매장에서 확인 가능합니다. 돼지고기 - 외국산 : 베이컨(오리지널스 뉴욕스테이크, 오리지널스 메이플갈릭, 크리스퍼 클래식BLT, 몬스터와퍼",두툼한 통닭가슴살에 매콤달콤한 추억의 한국식 양념소스가 듬뿍,치킨&슈림프버거
BurgerKing,크리스퍼 양념 치킨 라지세트,9700,1247,0,72.0,32.0,0,11.0,0,0,515,"원산지 쇠고기 - 호주산과 뉴질랜드산 섞음/뉴질랜드산과 호주산 섞음 : 와퍼류, 더블오리지널치즈맥시멈2,3, 원파운더, 골든에그트러플머쉬룸, 딥트러플머쉬룸더블 - 호주산과 뉴질랜드산 섞음/뉴질랜드산과 호주산 섞음 : 버거류 (주니어 포함) - 호주산과 뉴질랜드산 섞음 : 오리지널스 뉴욕스테이크, 오리지널스 메이플갈릭 * 와퍼류와 버거류의 쇠고기 원산지는 버거킹 APP 또는 매장 영수증, 주문 전 매장에서 확인 가능합니다. 돼지고기 - 외국산 : 베이컨(오리지널스 뉴욕스테이크, 오리지널스 메이플갈릭, 크리스퍼 클래식BLT, 몬스터와퍼",두툼한 통닭가슴살에 매콤달콤한 추억의 한국식 양념소스가 듬뿍,치킨&슈림프버거
BurgerKing,크리스퍼 양념 치킨,5400,662,0,16.0,27.0,0,7.0,0,0,1611,"원산지 쇠고기 - 호주산과 뉴질랜드산 섞음/뉴질랜드산과 호주산 섞음 : 와퍼류, 더블오리지널치즈맥시멈2,3, 원파운더, 골든에그트러플머쉬룸, 딥트러플머쉬룸더블 - 호주산과 뉴질랜드산 섞음/뉴질랜드산과 호주산 섞음 : 버거류 (주니어 포함) - 호주산과 뉴질랜드산 섞음 : 오리지널스 뉴욕스테이크, 오리지널스 메이플갈릭 * 와퍼류와 버거류의 쇠고기 원산지는 버거킹 APP 또는 매장 영수증, 주문 전 매장에서 확인 가능합니다. 돼지고기 - 외국산 : 베이컨(오리지널스 뉴욕스테이크, 오리지널스 메이플갈릭, 크리스퍼 클래식BLT, 몬스터와퍼",두툼한 통닭가슴살에 매콤달콤한 추억의 한국식 양념소스가 듬뿍,치킨&슈림프버거
BurgerKing,크리스퍼 클래식 세트,9600,999,0,48.0,29.0,0,10.0,0,0,1740,"원산지 쇠고기 - 호주산과 뉴질랜드산 섞음/뉴질랜드산과 호주산 섞음 : 와퍼류, 더블오리지널치즈맥시멈2,3, 원파운더, 골든에그트러플머쉬룸, 딥트러플머쉬룸더블 - 호주산과 뉴질랜드산 섞음/뉴질랜드산과 호주산 섞음 : 버거류 (주니어 포함) - 호주산과 뉴질랜드산 섞음 : 오리지널스 뉴욕스테이크, 오리지널스 메이플갈릭 * 와퍼류와 버거류의 쇠고기 원산지는 버거킹 APP 또는 매장 영수증, 주문 전 매장에서 확인 가능합니다. 돼지고기 - 외국산 : 베이컨(오리지널스 뉴욕스테이크, 오리지널스 메이플갈릭, 크리스퍼 클래식BLT, 몬스터와퍼","Chicken Lover's Burger, Krispper",치킨&슈림프버거
BurgerKing,크리스퍼 클래식,5200,569,0,9.0,25.0,0,6.0,0,0,1390,"원산지 쇠고기 - 호주산과 뉴질랜드산 섞음/뉴질랜드산과 호주산 섞음 : 와퍼류, 더블오리지널치즈맥시멈2,3, 원파운더, 골든에그트러플머쉬룸, 딥트러플머쉬룸더블 - 호주산과 뉴질랜드산 섞음/뉴질랜드산과 호주산 섞음 : 버거류 (주니어 포함) - 호주산과 뉴질랜드산 섞음 : 오리지널스 뉴욕스테이크, 오리지널스 메이플갈릭 * 와퍼류와 버거류의 쇠고기 원산지는 버거킹 APP 또는 매장 영수증, 주문 전 매장에서 확인 가능합니다. 돼지고기 - 외국산 : 베이컨(오리지널스 뉴욕스테이크, 오리지널스 메이플갈릭, 크리스퍼 클래식BLT, 몬스터와퍼","Chicken Lover's Burger, Krispper",치킨&슈림프버거
BurgerKing,크리스퍼 클래식 라지세트,9400,1154,0,65.0,30.0,0,11.0,0,0,1855,"원산지 쇠고기 - 호주산과 뉴질랜드산 섞음/뉴질랜드산과 호주산 섞음 : 와퍼류, 더블오리지널치즈맥시멈2,3, 원파운더, 골든에그트러플머쉬룸, 딥트러플머쉬룸더블 - 호주산과 뉴질랜드산 섞음/뉴질랜드산과 호주산 섞음 : 버거류 (주니어 포함) - 호주산과 뉴질랜드산 섞음 : 오리지널스 뉴욕스테이크, 오리지널스 메이플갈릭 * 와퍼류와 버거류의 쇠고기 원산지는 버거킹 APP 또는 매장 영수증, 주문 전 매장에서 확인 가능합니다. 돼지고기 - 외국산 : 베이컨(오리지널스 뉴욕스테이크, 오리지널스 메이플갈릭, 크리스퍼 클래식BLT, 몬스터와퍼","Chicken Lover's Burger, Krispper",치킨&슈림프버거
BurgerKing,크리스퍼 클래식 BLT 세트,9300,1021,0,47.0,31.0,0,10.0,0,0,1917,"원산지 쇠고기 - 호주산과 뉴질랜드산 섞음/뉴질랜드산과 호주산 섞음 : 와퍼류, 더블오리지널치즈맥시멈2,3, 원파운더, 골든에그트러플머쉬룸, 딥트러플머쉬룸더블 - 호주산과 뉴질랜드산 섞음/뉴질랜드산과 호주산 섞음 : 버거류 (주니어 포함) - 호주산과 뉴질랜드산 섞음 : 오리지널스 뉴욕스테이크, 오리지널스 메이플갈릭 * 와퍼류와 버거류의 쇠고기 원산지는 버거킹 APP 또는 매장 영수증, 주문 전 매장에서 확인 가능합니다. 돼지고기 - 외국산 : 베이컨(오리지널스 뉴욕스테이크, 오리지널스 메이플갈릭, 크리스퍼 클래식BLT, 몬스터와퍼","Chicken Lover's Burger, Krispper",치킨&슈림프버거
BurgerKing,크리스퍼 클래식 BLT,5100,591,0,7.0,28.0,0,6.0,0,0,1568,"원산지 쇠고기 - 호주산과 뉴질랜드산 섞음/뉴질랜드산과 호주산 섞음 : 와퍼류, 더블오리지널치즈맥시멈2,3, 원파운더, 골든에그트러플머쉬룸, 딥트러플머쉬룸더블 - 호주산과 뉴질랜드산 섞음/뉴질랜드산과 호주산 섞음 : 버거류 (주니어 포함) - 호주산과 뉴질랜드산 섞음 : 오리지널스 뉴욕스테이크, 오리지널스 메이플갈릭 * 와퍼류와 버거류의 쇠고기 원산지는 버거킹 APP 또는 매장 영수증, 주문 전 매장에서 확인 가능합니다. 돼지고기 - 외국산 : 베이컨(오리지널스 뉴욕스테이크, 오리지널스 메이플갈릭, 크리스퍼 클래식BLT, 몬스터와퍼","Chicken Lover's Burger, Krispper",치킨&슈림프버거
BurgerKing,크리스퍼 클래식 BLT 라지세트,9100,1176,0,64.0,33.0,0,11.0,0,0,2032,"원산지 쇠고기 - 호주산과 뉴질랜드산 섞음/뉴질랜드산과 호주산 섞음 : 와퍼류, 더블오리지널치즈맥시멈2,3, 원파운더, 골든에그트러플머쉬룸, 딥트러플머쉬룸더블 - 호주산과 뉴질랜드산 섞음/뉴질랜드산과 호주산 섞음 : 버거류 (주니어 포함) - 호주산과 뉴질랜드산 섞음 : 오리지널스 뉴욕스테이크, 오리지널스 메이플갈릭 * 와퍼류와 버거류의 쇠고기 원산지는 버거킹 APP 또는 매장 영수증, 주문 전 매장에서 확인 가능합니다. 돼지고기 - 외국산 : 베이컨(오리지널스 뉴욕스테이크, 오리지널스 메이플갈릭, 크리스퍼 클래식BLT, 몬스터와퍼","Chicken Lover's Burger, Krispper",치킨&슈림프버거
BurgerKing,치킨킹BLT 세트,11500,1169,0,51.0,29.0,0,15.0,0,0,1415,"원산지 쇠고기 - 호주산과 뉴질랜드산 섞음/뉴질랜드산과 호주산 섞음 : 와퍼류, 더블오리지널치즈맥시멈2,3, 원파운더, 골든에그트러플머쉬룸, 딥트러플머쉬룸더블 - 호주산과 뉴질랜드산 섞음/뉴질랜드산과 호주산 섞음 : 버거류 (주니어 포함) - 호주산과 뉴질랜드산 섞음 : 오리지널스 뉴욕스테이크, 오리지널스 메이플갈릭 * 와퍼류와 버거류의 쇠고기 원산지는 버거킹 APP 또는 매장 영수증, 주문 전 매장에서 확인 가능합니다. 돼지고기 - 외국산 : 베이컨(오리지널스 뉴욕스테이크, 오리지널스 메이플갈릭, 크리스퍼 클래식BLT, 몬스터와퍼","스파이시한 통닭다리살 프리미엄 치킨버거에 베이컨, 양상추, 토마토를 더했다. 치킨킹 BLT!",치킨&슈림프버거
BurgerKing,치킨킹BLT,5200,739,0,12.0,25.0,0,11.0,0,0,1065,"원산지 쇠고기 - 호주산과 뉴질랜드산 섞음/뉴질랜드산과 호주산 섞음 : 와퍼류, 더블오리지널치즈맥시멈2,3, 원파운더, 골든에그트러플머쉬룸, 딥트러플머쉬룸더블 - 호주산과 뉴질랜드산 섞음/뉴질랜드산과 호주산 섞음 : 버거류 (주니어 포함) - 호주산과 뉴질랜드산 섞음 : 오리지널스 뉴욕스테이크, 오리지널스 메이플갈릭 * 와퍼류와 버거류의 쇠고기 원산지는 버거킹 APP 또는 매장 영수증, 주문 전 매장에서 확인 가능합니다. 돼지고기 - 외국산 : 베이컨(오리지널스 뉴욕스테이크, 오리지널스 메이플갈릭, 크리스퍼 클래식BLT, 몬스터와퍼","스파이시한 통닭다리살 프리미엄 치킨버거에 베이컨, 양상추, 토마토를 더했다. 치킨킹 BLT!",치킨&슈림프버거
BurgerKing,치킨킹BLT 라지세트,9100,1324,0,68.0,30.0,0,16.0,0,0,1529,"원산지 쇠고기 - 호주산과 뉴질랜드산 섞음/뉴질랜드산과 호주산 섞음 : 와퍼류, 더블오리지널치즈맥시멈2,3, 원파운더, 골든에그트러플머쉬룸, 딥트러플머쉬룸더블 - 호주산과 뉴질랜드산 섞음/뉴질랜드산과 호주산 섞음 : 버거류 (주니어 포함) - 호주산과 뉴질랜드산 섞음 : 오리지널스 뉴욕스테이크, 오리지널스 메이플갈릭 * 와퍼류와 버거류의 쇠고기 원산지는 버거킹 APP 또는 매장 영수증, 주문 전 매장에서 확인 가능합니다. 돼지고기 - 외국산 : 베이컨(오리지널스 뉴욕스테이크, 오리지널스 메이플갈릭, 크리스퍼 클래식BLT, 몬스터와퍼","스파이시한 통닭다리살 프리미엄 치킨버거에 베이컨, 양상추, 토마토를 더했다. 치킨킹 BLT!",치킨&슈림프버거
BurgerKing,비프&슈림프버거,7000,640,0,6.0,24.0,0,9.0,0,0,1122,"원산지 쇠고기 - 호주산과 뉴질랜드산 섞음/뉴질랜드산과 호주산 섞음 : 와퍼류, 더블오리지널치즈맥시멈2,3, 원파운더, 골든에그트러플머쉬룸, 딥트러플머쉬룸더블 - 호주산과 뉴질랜드산 섞음/뉴질랜드산과 호주산 섞음 : 버거류 (주니어 포함) - 호주산과 뉴질랜드산 섞음 : 오리지널스 뉴욕스테이크, 오리지널스 메이플갈릭 * 와퍼류와 버거류의 쇠고기 원산지는 버거킹 APP 또는 매장 영수증, 주문 전 매장에서 확인 가능합니다. 돼지고기 - 외국산 : 베이컨(오리지널스 뉴욕스테이크, 오리지널스 메이플갈릭, 크리스퍼 클래식BLT, 몬스터와퍼",불맛가득 순쇠고기 패티에 새콤달콤 특제소스 듬뿍!,치킨&슈림프버거
BurgerKing,비프&슈림프버거 라지세트,9900,1225,0,63.0,29.0,0,14.0,0,0,1587,"원산지 쇠고기 - 호주산과 뉴질랜드산 섞음/뉴질랜드산과 호주산 섞음 : 와퍼류, 더블오리지널치즈맥시멈2,3, 원파운더, 골든에그트러플머쉬룸, 딥트러플머쉬룸더블 - 호주산과 뉴질랜드산 섞음/뉴질랜드산과 호주산 섞음 : 버거류 (주니어 포함) - 호주산과 뉴질랜드산 섞음 : 오리지널스 뉴욕스테이크, 오리지널스 메이플갈릭 * 와퍼류와 버거류의 쇠고기 원산지는 버거킹 APP 또는 매장 영수증, 주문 전 매장에서 확인 가능합니다. 돼지고기 - 외국산 : 베이컨(오리지널스 뉴욕스테이크, 오리지널스 메이플갈릭, 크리스퍼 클래식BLT, 몬스터와퍼",불맛가득 순쇠고기 패티에 새콤달콤 특제소스 듬뿍!,치킨&슈림프버거
BurgerKing,비프&슈림프버거 세트,10500,1070,0,46.0,27.0,0,13.0,0,0,1472,"원산지 쇠고기 - 호주산과 뉴질랜드산 섞음/뉴질랜드산과 호주산 섞음 : 와퍼류, 더블오리지널치즈맥시멈2,3, 원파운더, 골든에그트러플머쉬룸, 딥트러플머쉬룸더블 - 호주산과 뉴질랜드산 섞음/뉴질랜드산과 호주산 섞음 : 버거류 (주니어 포함) - 호주산과 뉴질랜드산 섞음 : 오리지널스 뉴욕스테이크, 오리지널스 메이플갈릭 * 와퍼류와 버거류의 쇠고기 원산지는 버거킹 APP 또는 매장 영수증, 주문 전 매장에서 확인 가능합니다. 돼지고기 - 외국산 : 베이컨(오리지널스 뉴욕스테이크, 오리지널스 메이플갈릭, 크리스퍼 클래식BLT, 몬스터와퍼",불맛가득 순쇠고기 패티에 새콤달콤 특제소스 듬뿍!,치킨&슈림프버거
BurgerKing,치킨킹,4900,673,0,8.0,24.0,0,10.0,0,0,1037,"원산지 쇠고기 - 호주산과 뉴질랜드산 섞음/뉴질랜드산과 호주산 섞음 : 와퍼류, 더블오리지널치즈맥시멈2,3, 원파운더, 골든에그트러플머쉬룸, 딥트러플머쉬룸더블 - 호주산과 뉴질랜드산 섞음/뉴질랜드산과 호주산 섞음 : 버거류 (주니어 포함) - 호주산과 뉴질랜드산 섞음 : 오리지널스 뉴욕스테이크, 오리지널스 메이플갈릭 * 와퍼류와 버거류의 쇠고기 원산지는 버거킹 APP 또는 매장 영수증, 주문 전 매장에서 확인 가능합니다. 돼지고기 - 외국산 : 베이컨(오리지널스 뉴욕스테이크, 오리지널스 메이플갈릭, 크리스퍼 클래식BLT, 몬스터와퍼",스파이시한 통닭다리살과 고소한 브리오쉬번이 만나 더 풍부해진 프리미엄 치킨버거. 치킨킹!,치킨&슈림프버거
BurgerKing,치킨킹 세트,10500,1103,0,47.0,27.0,0,13.0,0,0,1387,"원산지 쇠고기 - 호주산과 뉴질랜드산 섞음/뉴질랜드산과 호주산 섞음 : 와퍼류, 더블오리지널치즈맥시멈2,3, 원파운더, 골든에그트러플머쉬룸, 딥트러플머쉬룸더블 - 호주산과 뉴질랜드산 섞음/뉴질랜드산과 호주산 섞음 : 버거류 (주니어 포함) - 호주산과 뉴질랜드산 섞음 : 오리지널스 뉴욕스테이크, 오리지널스 메이플갈릭 * 와퍼류와 버거류의 쇠고기 원산지는 버거킹 APP 또는 매장 영수증, 주문 전 매장에서 확인 가능합니다. 돼지고기 - 외국산 : 베이컨(오리지널스 뉴욕스테이크, 오리지널스 메이플갈릭, 크리스퍼 클래식BLT, 몬스터와퍼",스파이시한 통닭다리살과 고소한 브리오쉬번이 만나 더 풍부해진 프리미엄 치킨버거. 치킨킹!,치킨&슈림프버거
BurgerKing,치킨킹 라지세트,9100,1258,0,64.0,29.0,0,14.0,0,0,1502,"원산지 쇠고기 - 호주산과 뉴질랜드산 섞음/뉴질랜드산과 호주산 섞음 : 와퍼류, 더블오리지널치즈맥시멈2,3, 원파운더, 골든에그트러플머쉬룸, 딥트러플머쉬룸더블 - 호주산과 뉴질랜드산 섞음/뉴질랜드산과 호주산 섞음 : 버거류 (주니어 포함) - 호주산과 뉴질랜드산 섞음 : 오리지널스 뉴욕스테이크, 오리지널스 메이플갈릭 * 와퍼류와 버거류의 쇠고기 원산지는 버거킹 APP 또는 매장 영수증, 주문 전 매장에서 확인 가능합니다. 돼지고기 - 외국산 : 베이컨(오리지널스 뉴욕스테이크, 오리지널스 메이플갈릭, 크리스퍼 클래식BLT, 몬스터와퍼",스파이시한 통닭다리살과 고소한 브리오쉬번이 만나 더 풍부해진 프리미엄 치킨버거. 치킨킹!,치킨&슈림프버거
BurgerKing,통새우슈림프버거 라지세트,9400,1097,0,65.0,21.0,0,10.0,0,0,1541,"원산지 쇠고기 - 호주산과 뉴질랜드산 섞음/뉴질랜드산과 호주산 섞음 : 와퍼류, 더블오리지널치즈맥시멈2,3, 원파운더, 골든에그트러플머쉬룸, 딥트러플머쉬룸더블 - 호주산과 뉴질랜드산 섞음/뉴질랜드산과 호주산 섞음 : 버거류 (주니어 포함) - 호주산과 뉴질랜드산 섞음 : 오리지널스 뉴욕스테이크, 오리지널스 메이플갈릭 * 와퍼류와 버거류의 쇠고기 원산지는 버거킹 APP 또는 매장 영수증, 주문 전 매장에서 확인 가능합니다. 돼지고기 - 외국산 : 베이컨(오리지널스 뉴욕스테이크, 오리지널스 메이플갈릭, 크리스퍼 클래식BLT, 몬스터와퍼",통통한 통새우에 새콤달콤 특제소스 듬뿍! 통새우 슈림프 버거,치킨&슈림프버거
BurgerKing,통새우슈림프버거,6200,512,0,8.0,16.0,0,5.0,0,0,1077,"원산지 쇠고기 - 호주산과 뉴질랜드산 섞음/뉴질랜드산과 호주산 섞음 : 와퍼류, 더블오리지널치즈맥시멈2,3, 원파운더, 골든에그트러플머쉬룸, 딥트러플머쉬룸더블 - 호주산과 뉴질랜드산 섞음/뉴질랜드산과 호주산 섞음 : 버거류 (주니어 포함) - 호주산과 뉴질랜드산 섞음 : 오리지널스 뉴욕스테이크, 오리지널스 메이플갈릭 * 와퍼류와 버거류의 쇠고기 원산지는 버거킹 APP 또는 매장 영수증, 주문 전 매장에서 확인 가능합니다. 돼지고기 - 외국산 : 베이컨(오리지널스 뉴욕스테이크, 오리지널스 메이플갈릭, 크리스퍼 클래식BLT, 몬스터와퍼",통통한 통새우에 새콤달콤 특제소스 듬뿍! 통새우 슈림프 버거,치킨&슈림프버거
BurgerKing,통새우슈림프버거 세트,9500,942,0,48.0,20.0,0,9.0,0,0,1426,"원산지 쇠고기 - 호주산과 뉴질랜드산 섞음/뉴질랜드산과 호주산 섞음 : 와퍼류, 더블오리지널치즈맥시멈2,3, 원파운더, 골든에그트러플머쉬룸, 딥트러플머쉬룸더블 - 호주산과 뉴질랜드산 섞음/뉴질랜드산과 호주산 섞음 : 버거류 (주니어 포함) - 호주산과 뉴질랜드산 섞음 : 오리지널스 뉴욕스테이크, 오리지널스 메이플갈릭 * 와퍼류와 버거류의 쇠고기 원산지는 버거킹 APP 또는 매장 영수증, 주문 전 매장에서 확인 가능합니다. 돼지고기 - 외국산 : 베이컨(오리지널스 뉴욕스테이크, 오리지널스 메이플갈릭, 크리스퍼 클래식BLT, 몬스터와퍼",통통한 통새우에 새콤달콤 특제소스 듬뿍! 통새우 슈림프 버거,치킨&슈림프버거
BurgerKing,슈림프버거,6300,516,0,6.0,14.0,0,6.0,0,0,1080,"원산지 쇠고기 - 호주산과 뉴질랜드산 섞음/뉴질랜드산과 호주산 섞음 : 와퍼류, 더블오리지널치즈맥시멈2,3, 원파운더, 골든에그트러플머쉬룸, 딥트러플머쉬룸더블 - 호주산과 뉴질랜드산 섞음/뉴질랜드산과 호주산 섞음 : 버거류 (주니어 포함) - 호주산과 뉴질랜드산 섞음 : 오리지널스 뉴욕스테이크, 오리지널스 메이플갈릭 * 와퍼류와 버거류의 쇠고기 원산지는 버거킹 APP 또는 매장 영수증, 주문 전 매장에서 확인 가능합니다. 돼지고기 - 외국산 : 베이컨(오리지널스 뉴욕스테이크, 오리지널스 메이플갈릭, 크리스퍼 클래식BLT, 몬스터와퍼",탱글한 새우패티에 새콤달콤 특제소스 듬뿍!,치킨&슈림프버거
BurgerKing,슈림프버거 라지세트,9000,1101,0,62.0,19.0,0,10.0,0,0,1545,"원산지 쇠고기 - 호주산과 뉴질랜드산 섞음/뉴질랜드산과 호주산 섞음 : 와퍼류, 더블오리지널치즈맥시멈2,3, 원파운더, 골든에그트러플머쉬룸, 딥트러플머쉬룸더블 - 호주산과 뉴질랜드산 섞음/뉴질랜드산과 호주산 섞음 : 버거류 (주니어 포함) - 호주산과 뉴질랜드산 섞음 : 오리지널스 뉴욕스테이크, 오리지널스 메이플갈릭 * 와퍼류와 버거류의 쇠고기 원산지는 버거킹 APP 또는 매장 영수증, 주문 전 매장에서 확인 가능합니다. 돼지고기 - 외국산 : 베이컨(오리지널스 뉴욕스테이크, 오리지널스 메이플갈릭, 크리스퍼 클래식BLT, 몬스터와퍼",탱글한 새우패티에 새콤달콤 특제소스 듬뿍!,치킨&슈림프버거
BurgerKing,슈림프버거 세트,8500,946,0,45.0,18.0,0,9.0,0,0,1430,"원산지 쇠고기 - 호주산과 뉴질랜드산 섞음/뉴질랜드산과 호주산 섞음 : 와퍼류, 더블오리지널치즈맥시멈2,3, 원파운더, 골든에그트러플머쉬룸, 딥트러플머쉬룸더블 - 호주산과 뉴질랜드산 섞음/뉴질랜드산과 호주산 섞음 : 버거류 (주니어 포함) - 호주산과 뉴질랜드산 섞음 : 오리지널스 뉴욕스테이크, 오리지널스 메이플갈릭 * 와퍼류와 버거류의 쇠고기 원산지는 버거킹 APP 또는 매장 영수증, 주문 전 매장에서 확인 가능합니다. 돼지고기 - 외국산 : 베이컨(오리지널스 뉴욕스테이크, 오리지널스 메이플갈릭, 크리스퍼 클래식BLT, 몬스터와퍼",탱글한 새우패티에 새콤달콤 특제소스 듬뿍!,치킨&슈림프버거
BurgerKing,치킨버거 라지세트,7000,1117,0,60.0,22.0,0,12.0,0,0,1304,"원산지 쇠고기 - 호주산과 뉴질랜드산 섞음/뉴질랜드산과 호주산 섞음 : 와퍼류, 더블오리지널치즈맥시멈2,3, 원파운더, 골든에그트러플머쉬룸, 딥트러플머쉬룸더블 - 호주산과 뉴질랜드산 섞음/뉴질랜드산과 호주산 섞음 : 버거류 (주니어 포함) - 호주산과 뉴질랜드산 섞음 : 오리지널스 뉴욕스테이크, 오리지널스 메이플갈릭 * 와퍼류와 버거류의 쇠고기 원산지는 버거킹 APP 또는 매장 영수증, 주문 전 매장에서 확인 가능합니다. 돼지고기 - 외국산 : 베이컨(오리지널스 뉴욕스테이크, 오리지널스 메이플갈릭, 크리스퍼 클래식BLT, 몬스터와퍼",부드러운 에그번과 치킨패티의 만남! 풍부한 마요 소스로 고소하게!,치킨&슈림프버거
BurgerKing,치킨버거,4700,532,0,4.0,18.0,0,7.0,0,0,840,"원산지 쇠고기 - 호주산과 뉴질랜드산 섞음/뉴질랜드산과 호주산 섞음 : 와퍼류, 더블오리지널치즈맥시멈2,3, 원파운더, 골든에그트러플머쉬룸, 딥트러플머쉬룸더블 - 호주산과 뉴질랜드산 섞음/뉴질랜드산과 호주산 섞음 : 버거류 (주니어 포함) - 호주산과 뉴질랜드산 섞음 : 오리지널스 뉴욕스테이크, 오리지널스 메이플갈릭 * 와퍼류와 버거류의 쇠고기 원산지는 버거킹 APP 또는 매장 영수증, 주문 전 매장에서 확인 가능합니다. 돼지고기 - 외국산 : 베이컨(오리지널스 뉴욕스테이크, 오리지널스 메이플갈릭, 크리스퍼 클래식BLT, 몬스터와퍼",부드러운 에그번과 치킨패티의 만남! 풍부한 마요 소스로 고소하게!,치킨&슈림프버거
BurgerKing,치킨버거 세트,7200,962,0,43.0,21.0,0,10.0,0,0,1189,"원산지 쇠고기 - 호주산과 뉴질랜드산 섞음/뉴질랜드산과 호주산 섞음 : 와퍼류, 더블오리지널치즈맥시멈2,3, 원파운더, 골든에그트러플머쉬룸, 딥트러플머쉬룸더블 - 호주산과 뉴질랜드산 섞음/뉴질랜드산과 호주산 섞음 : 버거류 (주니어 포함) - 호주산과 뉴질랜드산 섞음 : 오리지널스 뉴욕스테이크, 오리지널스 메이플갈릭 * 와퍼류와 버거류의 쇠고기 원산지는 버거킹 APP 또는 매장 영수증, 주문 전 매장에서 확인 가능합니다. 돼지고기 - 외국산 : 베이컨(오리지널스 뉴욕스테이크, 오리지널스 메이플갈릭, 크리스퍼 클래식BLT, 몬스터와퍼",부드러운 에그번과 치킨패티의 만남! 풍부한 마요 소스로 고소하게!,치킨&슈림프버거
BurgerKing,치킨 치즈 마요 버거 세트,9200,1069,0,43.0,23.0,0,13.0,0,0,1471,"원산지 쇠고기 - 호주산과 뉴질랜드산 섞음/뉴질랜드산과 호주산 섞음 : 와퍼류, 더블오리지널치즈맥시멈2,3, 원파운더, 골든에그트러플머쉬룸, 딥트러플머쉬룸더블 - 호주산과 뉴질랜드산 섞음/뉴질랜드산과 호주산 섞음 : 버거류 (주니어 포함) - 호주산과 뉴질랜드산 섞음 : 오리지널스 뉴욕스테이크, 오리지널스 메이플갈릭 * 와퍼류와 버거류의 쇠고기 원산지는 버거킹 APP 또는 매장 영수증, 주문 전 매장에서 확인 가능합니다. 돼지고기 - 외국산 : 베이컨(오리지널스 뉴욕스테이크, 오리지널스 메이플갈릭, 크리스퍼 클래식BLT, 몬스터와퍼",엑스트라 마요네즈와 치즈로 더욱 고소한 치킨치즈마요버거,치킨&슈림프버거
BurgerKing,치킨 치즈 마요 버거 라지세트,9900,1225,0,60.0,24.0,0,14.0,0,0,1586,"원산지 쇠고기 - 호주산과 뉴질랜드산 섞음/뉴질랜드산과 호주산 섞음 : 와퍼류, 더블오리지널치즈맥시멈2,3, 원파운더, 골든에그트러플머쉬룸, 딥트러플머쉬룸더블 - 호주산과 뉴질랜드산 섞음/뉴질랜드산과 호주산 섞음 : 버거류 (주니어 포함) - 호주산과 뉴질랜드산 섞음 : 오리지널스 뉴욕스테이크, 오리지널스 메이플갈릭 * 와퍼류와 버거류의 쇠고기 원산지는 버거킹 APP 또는 매장 영수증, 주문 전 매장에서 확인 가능합니다. 돼지고기 - 외국산 : 베이컨(오리지널스 뉴욕스테이크, 오리지널스 메이플갈릭, 크리스퍼 클래식BLT, 몬스터와퍼",엑스트라 마요네즈와 치즈로 더욱 고소한 치킨치즈마요버거,치킨&슈림프버거
BurgerKing,치킨 치즈 마요 버거,6200,640,0,4.0,20.0,0,10.0,0,0,1122,"원산지 쇠고기 - 호주산과 뉴질랜드산 섞음/뉴질랜드산과 호주산 섞음 : 와퍼류, 더블오리지널치즈맥시멈2,3, 원파운더, 골든에그트러플머쉬룸, 딥트러플머쉬룸더블 - 호주산과 뉴질랜드산 섞음/뉴질랜드산과 호주산 섞음 : 버거류 (주니어 포함) - 호주산과 뉴질랜드산 섞음 : 오리지널스 뉴욕스테이크, 오리지널스 메이플갈릭 * 와퍼류와 버거류의 쇠고기 원산지는 버거킹 APP 또는 매장 영수증, 주문 전 매장에서 확인 가능합니다. 돼지고기 - 외국산 : 베이컨(오리지널스 뉴욕스테이크, 오리지널스 메이플갈릭, 크리스퍼 클래식BLT, 몬스터와퍼",엑스트라 마요네즈와 치즈로 더욱 고소한 치킨치즈마요버거,치킨&슈림프버거
BurgerKing,크리스퍼 랩,4600,359,0,4.0,12.0,0,3.0,0,0,651,"원산지 쇠고기 - 호주산과 뉴질랜드산 섞음/뉴질랜드산과 호주산 섞음 : 와퍼류, 더블오리지널치즈맥시멈2,3, 원파운더, 골든에그트러플머쉬룸, 딥트러플머쉬룸더블 - 호주산과 뉴질랜드산 섞음/뉴질랜드산과 호주산 섞음 : 버거류 (주니어 포함) - 호주산과 뉴질랜드산 섞음 : 오리지널스 뉴욕스테이크, 오리지널스 메이플갈릭 * 와퍼류와 버거류의 쇠고기 원산지는 버거킹 APP 또는 매장 영수증, 주문 전 매장에서 확인 가능합니다. 돼지고기 - 외국산 : 베이컨(오리지널스 뉴욕스테이크, 오리지널스 메이플갈릭, 크리스퍼 클래식BLT, 몬스터와퍼","든든하게 채우는 한입, 크리스퍼 스낵",올데이스낵&올데이킹
BurgerKing,리얼어니언링(R),4000,238,0,3.0,2.0,0,3.6,0,0,317,"원산지 쇠고기 - 호주산과 뉴질랜드산 섞음/뉴질랜드산과 호주산 섞음 : 와퍼류, 더블오리지널치즈맥시멈2,3, 원파운더, 골든에그트러플머쉬룸, 딥트러플머쉬룸더블 - 호주산과 뉴질랜드산 섞음/뉴질랜드산과 호주산 섞음 : 버거류 (주니어 포함) - 호주산과 뉴질랜드산 섞음 : 오리지널스 뉴욕스테이크, 오리지널스 메이플갈릭 * 와퍼류와 버거류의 쇠고기 원산지는 버거킹 APP 또는 매장 영수증, 주문 전 매장에서 확인 가능합니다. 돼지고기 - 외국산 : 베이컨(오리지널스 뉴욕스테이크, 오리지널스 메이플갈릭, 크리스퍼 클래식BLT, 몬스터와퍼",통째로 썰어 더 두툼하고 더 바삭해진,올데이스낵&올데이킹
BurgerKing,너겟킹 4조각,3600,147,0,0.4,9.0,0,2.0,0,0,422,"원산지 쇠고기 - 호주산과 뉴질랜드산 섞음/뉴질랜드산과 호주산 섞음 : 와퍼류, 더블오리지널치즈맥시멈2,3, 원파운더, 골든에그트러플머쉬룸, 딥트러플머쉬룸더블 - 호주산과 뉴질랜드산 섞음/뉴질랜드산과 호주산 섞음 : 버거류 (주니어 포함) - 호주산과 뉴질랜드산 섞음 : 오리지널스 뉴욕스테이크, 오리지널스 메이플갈릭 * 와퍼류와 버거류의 쇠고기 원산지는 버거킹 APP 또는 매장 영수증, 주문 전 매장에서 확인 가능합니다. 돼지고기 - 외국산 : 베이컨(오리지널스 뉴욕스테이크, 오리지널스 메이플갈릭, 크리스퍼 클래식BLT, 몬스터와퍼",바삭~ 촉촉~ 한입에 쏙 부드러운 너겟킹!,올데이스낵&올데이킹
BurgerKing,밀크 선데,5200,165,0,27.0,1.0,0,3.0,0,0,116,"원산지 쇠고기 - 호주산과 뉴질랜드산 섞음/뉴질랜드산과 호주산 섞음 : 와퍼류, 더블오리지널치즈맥시멈2,3, 원파운더, 골든에그트러플머쉬룸, 딥트러플머쉬룸더블 - 호주산과 뉴질랜드산 섞음/뉴질랜드산과 호주산 섞음 : 버거류 (주니어 포함) - 호주산과 뉴질랜드산 섞음 : 오리지널스 뉴욕스테이크, 오리지널스 메이플갈릭 * 와퍼류와 버거류의 쇠고기 원산지는 버거킹 APP 또는 매장 영수증, 주문 전 매장에서 확인 가능합니다. 돼지고기 - 외국산 : 베이컨(오리지널스 뉴욕스테이크, 오리지널스 메이플갈릭, 크리스퍼 클래식BLT, 몬스터와퍼",향긋한 바닐라 향 때문에 더 맛있다!,올데이스낵&올데이킹
BurgerKing,스프라이트 제로(L),3500,0,0,0.0,0.0,0,0.0,0,0,91,"원산지 쇠고기 - 호주산과 뉴질랜드산 섞음/뉴질랜드산과 호주산 섞음 : 와퍼류, 더블오리지널치즈맥시멈2,3, 원파운더, 골든에그트러플머쉬룸, 딥트러플머쉬룸더블 - 호주산과 뉴질랜드산 섞음/뉴질랜드산과 호주산 섞음 : 버거류 (주니어 포함) - 호주산과 뉴질랜드산 섞음 : 오리지널스 뉴욕스테이크, 오리지널스 메이플갈릭 * 와퍼류와 버거류의 쇠고기 원산지는 버거킹 APP 또는 매장 영수증, 주문 전 매장에서 확인 가능합니다. 돼지고기 - 외국산 : 베이컨(오리지널스 뉴욕스테이크, 오리지널스 메이플갈릭, 크리스퍼 클래식BLT, 몬스터와퍼",,올데이스낵&올데이킹
BurgerKing,닥터페퍼 제로(L),5100,0,0,0.0,0.0,0,0.0,0,0,63,"원산지 쇠고기 - 호주산과 뉴질랜드산 섞음/뉴질랜드산과 호주산 섞음 : 와퍼류, 더블오리지널치즈맥시멈2,3, 원파운더, 골든에그트러플머쉬룸, 딥트러플머쉬룸더블 - 호주산과 뉴질랜드산 섞음/뉴질랜드산과 호주산 섞음 : 버거류 (주니어 포함) - 호주산과 뉴질랜드산 섞음 : 오리지널스 뉴욕스테이크, 오리지널스 메이플갈릭 * 와퍼류와 버거류의 쇠고기 원산지는 버거킹 APP 또는 매장 영수증, 주문 전 매장에서 확인 가능합니다. 돼지고기 - 외국산 : 베이컨(오리지널스 뉴욕스테이크, 오리지널스 메이플갈릭, 크리스퍼 클래식BLT, 몬스터와퍼",,올데이스낵&올데이킹
BurgerKing,코카콜라 제로(L),3500,0,0,0.0,0.0,0,0.0,0,0,43,"원산지 쇠고기 - 호주산과 뉴질랜드산 섞음/뉴질랜드산과 호주산 섞음 : 와퍼류, 더블오리지널치즈맥시멈2,3, 원파운더, 골든에그트러플머쉬룸, 딥트러플머쉬룸더블 - 호주산과 뉴질랜드산 섞음/뉴질랜드산과 호주산 섞음 : 버거류 (주니어 포함) - 호주산과 뉴질랜드산 섞음 : 오리지널스 뉴욕스테이크, 오리지널스 메이플갈릭 * 와퍼류와 버거류의 쇠고기 원산지는 버거킹 APP 또는 매장 영수증, 주문 전 매장에서 확인 가능합니다. 돼지고기 - 외국산 : 베이컨(오리지널스 뉴욕스테이크, 오리지널스 메이플갈릭, 크리스퍼 클래식BLT, 몬스터와퍼",,올데이스낵&올데이킹
BurgerKing,치킨 치즈 마요 버거,6700,640,0,4.0,20.0,0,10.0,0,0,1122,"원산지 쇠고기 - 호주산과 뉴질랜드산 섞음/뉴질랜드산과 호주산 섞음 : 와퍼류, 더블오리지널치즈맥시멈2,3, 원파운더, 골든에그트러플머쉬룸, 딥트러플머쉬룸더블 - 호주산과 뉴질랜드산 섞음/뉴질랜드산과 호주산 섞음 : 버거류 (주니어 포함) - 호주산과 뉴질랜드산 섞음 : 오리지널스 뉴욕스테이크, 오리지널스 메이플갈릭 * 와퍼류와 버거류의 쇠고기 원산지는 버거킹 APP 또는 매장 영수증, 주문 전 매장에서 확인 가능합니다. 돼지고기 - 외국산 : 베이컨(오리지널스 뉴욕스테이크, 오리지널스 메이플갈릭, 크리스퍼 클래식BLT, 몬스터와퍼",엑스트라 마요네즈와 치즈로 더욱 고소한 치킨치즈마요버거,올데이스낵&올데이킹
BurgerKing,치킨 치즈 마요 버거세트,9900,1069,0,43.0,23.0,0,13.0,0,0,1471,"원산지 쇠고기 - 호주산과 뉴질랜드산 섞음/뉴질랜드산과 호주산 섞음 : 와퍼류, 더블오리지널치즈맥시멈2,3, 원파운더, 골든에그트러플머쉬룸, 딥트러플머쉬룸더블 - 호주산과 뉴질랜드산 섞음/뉴질랜드산과 호주산 섞음 : 버거류 (주니어 포함) - 호주산과 뉴질랜드산 섞음 : 오리지널스 뉴욕스테이크, 오리지널스 메이플갈릭 * 와퍼류와 버거류의 쇠고기 원산지는 버거킹 APP 또는 매장 영수증, 주문 전 매장에서 확인 가능합니다. 돼지고기 - 외국산 : 베이컨(오리지널스 뉴욕스테이크, 오리지널스 메이플갈릭, 크리스퍼 클래식BLT, 몬스터와퍼",엑스트라 마요네즈와 치즈로 더욱 고소한 치킨치즈마요버거,올데이스낵&올데이킹
BurgerKing,치킨 치즈 마요 버거 라지세트,9000,1225,0,60.0,24.0,0,14.0,0,0,1586,"원산지 쇠고기 - 호주산과 뉴질랜드산 섞음/뉴질랜드산과 호주산 섞음 : 와퍼류, 더블오리지널치즈맥시멈2,3, 원파운더, 골든에그트러플머쉬룸, 딥트러플머쉬룸더블 - 호주산과 뉴질랜드산 섞음/뉴질랜드산과 호주산 섞음 : 버거류 (주니어 포함) - 호주산과 뉴질랜드산 섞음 : 오리지널스 뉴욕스테이크, 오리지널스 메이플갈릭 * 와퍼류와 버거류의 쇠고기 원산지는 버거킹 APP 또는 매장 영수증, 주문 전 매장에서 확인 가능합니다. 돼지고기 - 외국산 : 베이컨(오리지널스 뉴욕스테이크, 오리지널스 메이플갈릭, 크리스퍼 클래식BLT, 몬스터와퍼",엑스트라 마요네즈와 치즈로 더욱 고소한 치킨치즈마요버거,올데이스낵&올데이킹
BurgerKing,몬스터 주니어,4500,687,0,7.0,30.0,0,13.0,0,0,1293,"원산지 쇠고기 - 호주산과 뉴질랜드산 섞음/뉴질랜드산과 호주산 섞음 : 와퍼류, 더블오리지널치즈맥시멈2,3, 원파운더, 골든에그트러플머쉬룸, 딥트러플머쉬룸더블 - 호주산과 뉴질랜드산 섞음/뉴질랜드산과 호주산 섞음 : 버거류 (주니어 포함) - 호주산과 뉴질랜드산 섞음 : 오리지널스 뉴욕스테이크, 오리지널스 메이플갈릭 * 와퍼류와 버거류의 쇠고기 원산지는 버거킹 APP 또는 매장 영수증, 주문 전 매장에서 확인 가능합니다. 돼지고기 - 외국산 : 베이컨(오리지널스 뉴욕스테이크, 오리지널스 메이플갈릭, 크리스퍼 클래식BLT, 몬스터와퍼",순 쇠고기 패티에 치킨 패티를 더해 든든함이 두 배!,올데이스낵&올데이킹
BurgerKing,몬스터 주니어 라지세트,9100,1272,0,63.0,35.0,0,18.0,0,0,1757,"원산지 쇠고기 - 호주산과 뉴질랜드산 섞음/뉴질랜드산과 호주산 섞음 : 와퍼류, 더블오리지널치즈맥시멈2,3, 원파운더, 골든에그트러플머쉬룸, 딥트러플머쉬룸더블 - 호주산과 뉴질랜드산 섞음/뉴질랜드산과 호주산 섞음 : 버거류 (주니어 포함) - 호주산과 뉴질랜드산 섞음 : 오리지널스 뉴욕스테이크, 오리지널스 메이플갈릭 * 와퍼류와 버거류의 쇠고기 원산지는 버거킹 APP 또는 매장 영수증, 주문 전 매장에서 확인 가능합니다. 돼지고기 - 외국산 : 베이컨(오리지널스 뉴욕스테이크, 오리지널스 메이플갈릭, 크리스퍼 클래식BLT, 몬스터와퍼",순 쇠고기 패티에 치킨 패티를 더해 든든함이 두 배!,올데이스낵&올데이킹
BurgerKing,몬스터 주니어 세트,9200,1117,0,46.0,34.0,0,16.0,0,0,1643,"원산지 쇠고기 - 호주산과 뉴질랜드산 섞음/뉴질랜드산과 호주산 섞음 : 와퍼류, 더블오리지널치즈맥시멈2,3, 원파운더, 골든에그트러플머쉬룸, 딥트러플머쉬룸더블 - 호주산과 뉴질랜드산 섞음/뉴질랜드산과 호주산 섞음 : 버거류 (주니어 포함) - 호주산과 뉴질랜드산 섞음 : 오리지널스 뉴욕스테이크, 오리지널스 메이플갈릭 * 와퍼류와 버거류의 쇠고기 원산지는 버거킹 APP 또는 매장 영수증, 주문 전 매장에서 확인 가능합니다. 돼지고기 - 외국산 : 베이컨(오리지널스 뉴욕스테이크, 오리지널스 메이플갈릭, 크리스퍼 클래식BLT, 몬스터와퍼",순 쇠고기 패티에 치킨 패티를 더해 든든함이 두 배!,올데이스낵&올데이킹
BurgerKing,더블비프불고기버거,3100,565,0,6.0,26.0,0,12.0,0,0,796,"원산지 쇠고기 - 호주산과 뉴질랜드산 섞음/뉴질랜드산과 호주산 섞음 : 와퍼류, 더블오리지널치즈맥시멈2,3, 원파운더, 골든에그트러플머쉬룸, 딥트러플머쉬룸더블 - 호주산과 뉴질랜드산 섞음/뉴질랜드산과 호주산 섞음 : 버거류 (주니어 포함) - 호주산과 뉴질랜드산 섞음 : 오리지널스 뉴욕스테이크, 오리지널스 메이플갈릭 * 와퍼류와 버거류의 쇠고기 원산지는 버거킹 APP 또는 매장 영수증, 주문 전 매장에서 확인 가능합니다. 돼지고기 - 외국산 : 베이컨(오리지널스 뉴욕스테이크, 오리지널스 메이플갈릭, 크리스퍼 클래식BLT, 몬스터와퍼",달콤한 불고기 소스에 더블 패티로 더욱 깊어진 감칠맛!,올데이스낵&올데이킹
BurgerKing,더블비프불고기버거 라지세트,6100,1150,0,62.0,31.0,0,16.0,0,0,1261,"원산지 쇠고기 - 호주산과 뉴질랜드산 섞음/뉴질랜드산과 호주산 섞음 : 와퍼류, 더블오리지널치즈맥시멈2,3, 원파운더, 골든에그트러플머쉬룸, 딥트러플머쉬룸더블 - 호주산과 뉴질랜드산 섞음/뉴질랜드산과 호주산 섞음 : 버거류 (주니어 포함) - 호주산과 뉴질랜드산 섞음 : 오리지널스 뉴욕스테이크, 오리지널스 메이플갈릭 * 와퍼류와 버거류의 쇠고기 원산지는 버거킹 APP 또는 매장 영수증, 주문 전 매장에서 확인 가능합니다. 돼지고기 - 외국산 : 베이컨(오리지널스 뉴욕스테이크, 오리지널스 메이플갈릭, 크리스퍼 클래식BLT, 몬스터와퍼",달콤한 불고기 소스에 더블 패티로 더욱 깊어진 감칠맛!,올데이스낵&올데이킹
BurgerKing,더블비프불고기버거 세트,8500,994,0,45.0,30.0,0,15.0,0,0,1146,"원산지 쇠고기 - 호주산과 뉴질랜드산 섞음/뉴질랜드산과 호주산 섞음 : 와퍼류, 더블오리지널치즈맥시멈2,3, 원파운더, 골든에그트러플머쉬룸, 딥트러플머쉬룸더블 - 호주산과 뉴질랜드산 섞음/뉴질랜드산과 호주산 섞음 : 버거류 (주니어 포함) - 호주산과 뉴질랜드산 섞음 : 오리지널스 뉴욕스테이크, 오리지널스 메이플갈릭 * 와퍼류와 버거류의 쇠고기 원산지는 버거킹 APP 또는 매장 영수증, 주문 전 매장에서 확인 가능합니다. 돼지고기 - 외국산 : 베이컨(오리지널스 뉴욕스테이크, 오리지널스 메이플갈릭, 크리스퍼 클래식BLT, 몬스터와퍼",달콤한 불고기 소스에 더블 패티로 더욱 깊어진 감칠맛!,올데이스낵&올데이킹
BurgerKing,콰트로치즈와퍼주니어,9500,470,0,4.0,21.0,0,10.0,0,0,833,"원산지 쇠고기 - 호주산과 뉴질랜드산 섞음/뉴질랜드산과 호주산 섞음 : 와퍼류, 더블오리지널치즈맥시멈2,3, 원파운더, 골든에그트러플머쉬룸, 딥트러플머쉬룸더블 - 호주산과 뉴질랜드산 섞음/뉴질랜드산과 호주산 섞음 : 버거류 (주니어 포함) - 호주산과 뉴질랜드산 섞음 : 오리지널스 뉴욕스테이크, 오리지널스 메이플갈릭 * 와퍼류와 버거류의 쇠고기 원산지는 버거킹 APP 또는 매장 영수증, 주문 전 매장에서 확인 가능합니다. 돼지고기 - 외국산 : 베이컨(오리지널스 뉴욕스테이크, 오리지널스 메이플갈릭, 크리스퍼 클래식BLT, 몬스터와퍼","진짜 불맛을 즐겨라, 4가지 고품격 치즈와 불에 직접 구운 와퍼 패티의 만남!",올데이스낵&올데이킹
BurgerKing,콰트로치즈와퍼주니어 세트,9400,900,0,43.0,25.0,0,13.0,0,0,1183,"원산지 쇠고기 - 호주산과 뉴질랜드산 섞음/뉴질랜드산과 호주산 섞음 : 와퍼류, 더블오리지널치즈맥시멈2,3, 원파운더, 골든에그트러플머쉬룸, 딥트러플머쉬룸더블 - 호주산과 뉴질랜드산 섞음/뉴질랜드산과 호주산 섞음 : 버거류 (주니어 포함) - 호주산과 뉴질랜드산 섞음 : 오리지널스 뉴욕스테이크, 오리지널스 메이플갈릭 * 와퍼류와 버거류의 쇠고기 원산지는 버거킹 APP 또는 매장 영수증, 주문 전 매장에서 확인 가능합니다. 돼지고기 - 외국산 : 베이컨(오리지널스 뉴욕스테이크, 오리지널스 메이플갈릭, 크리스퍼 클래식BLT, 몬스터와퍼","진짜 불맛을 즐겨라, 4가지 고품격 치즈와 불에 직접 구운 와퍼 패티의 만남!",올데이스낵&올데이킹
BurgerKing,콰트로치즈와퍼주니어 라지세트,10100,1055,0,60.0,26.0,0,14.0,0,0,1298,"원산지 쇠고기 - 호주산과 뉴질랜드산 섞음/뉴질랜드산과 호주산 섞음 : 와퍼류, 더블오리지널치즈맥시멈2,3, 원파운더, 골든에그트러플머쉬룸, 딥트러플머쉬룸더블 - 호주산과 뉴질랜드산 섞음/뉴질랜드산과 호주산 섞음 : 버거류 (주니어 포함) - 호주산과 뉴질랜드산 섞음 : 오리지널스 뉴욕스테이크, 오리지널스 메이플갈릭 * 와퍼류와 버거류의 쇠고기 원산지는 버거킹 APP 또는 매장 영수증, 주문 전 매장에서 확인 가능합니다. 돼지고기 - 외국산 : 베이컨(오리지널스 뉴욕스테이크, 오리지널스 메이플갈릭, 크리스퍼 클래식BLT, 몬스터와퍼","진짜 불맛을 즐겨라, 4가지 고품격 치즈와 불에 직접 구운 와퍼 패티의 만남!",올데이스낵&올데이킹
BurgerKing,통새우와퍼주니어,9500,414,0,5.0,17.0,0,7.0,0,0,658,"원산지 쇠고기 - 호주산과 뉴질랜드산 섞음/뉴질랜드산과 호주산 섞음 : 와퍼류, 더블오리지널치즈맥시멈2,3, 원파운더, 골든에그트러플머쉬룸, 딥트러플머쉬룸더블 - 호주산과 뉴질랜드산 섞음/뉴질랜드산과 호주산 섞음 : 버거류 (주니어 포함) - 호주산과 뉴질랜드산 섞음 : 오리지널스 뉴욕스테이크, 오리지널스 메이플갈릭 * 와퍼류와 버거류의 쇠고기 원산지는 버거킹 APP 또는 매장 영수증, 주문 전 매장에서 확인 가능합니다. 돼지고기 - 외국산 : 베이컨(오리지널스 뉴욕스테이크, 오리지널스 메이플갈릭, 크리스퍼 클래식BLT, 몬스터와퍼","불맛 가득 순쇠고기, 갈릭페퍼 통새우, 스파이시토마토소스가 더해진 프리미엄 버거",올데이스낵&올데이킹
BurgerKing,통새우와퍼주니어 세트,9400,844,0,44.0,21.0,0,10.0,0,0,1008,"원산지 쇠고기 - 호주산과 뉴질랜드산 섞음/뉴질랜드산과 호주산 섞음 : 와퍼류, 더블오리지널치즈맥시멈2,3, 원파운더, 골든에그트러플머쉬룸, 딥트러플머쉬룸더블 - 호주산과 뉴질랜드산 섞음/뉴질랜드산과 호주산 섞음 : 버거류 (주니어 포함) - 호주산과 뉴질랜드산 섞음 : 오리지널스 뉴욕스테이크, 오리지널스 메이플갈릭 * 와퍼류와 버거류의 쇠고기 원산지는 버거킹 APP 또는 매장 영수증, 주문 전 매장에서 확인 가능합니다. 돼지고기 - 외국산 : 베이컨(오리지널스 뉴욕스테이크, 오리지널스 메이플갈릭, 크리스퍼 클래식BLT, 몬스터와퍼","불맛 가득 순쇠고기, 갈릭페퍼 통새우, 스파이시토마토소스가 더해진 프리미엄 버거",올데이스낵&올데이킹
BurgerKing,통새우와퍼주니어 라지세트,10100,999,0,61.0,22.0,0,11.0,0,0,1123,"원산지 쇠고기 - 호주산과 뉴질랜드산 섞음/뉴질랜드산과 호주산 섞음 : 와퍼류, 더블오리지널치즈맥시멈2,3, 원파운더, 골든에그트러플머쉬룸, 딥트러플머쉬룸더블 - 호주산과 뉴질랜드산 섞음/뉴질랜드산과 호주산 섞음 : 버거류 (주니어 포함) - 호주산과 뉴질랜드산 섞음 : 오리지널스 뉴욕스테이크, 오리지널스 메이플갈릭 * 와퍼류와 버거류의 쇠고기 원산지는 버거킹 APP 또는 매장 영수증, 주문 전 매장에서 확인 가능합니다. 돼지고기 - 외국산 : 베이컨(오리지널스 뉴욕스테이크, 오리지널스 메이플갈릭, 크리스퍼 클래식BLT, 몬스터와퍼","불맛 가득 순쇠고기, 갈릭페퍼 통새우, 스파이시토마토소스가 더해진 프리미엄 버거",올데이스낵&올데이킹
BurgerKing,비프불고기버거,3100,384,0,5.0,15.0,0,5.0,0,0,492,"원산지 쇠고기 - 호주산과 뉴질랜드산 섞음/뉴질랜드산과 호주산 섞음 : 와퍼류, 더블오리지널치즈맥시멈2,3, 원파운더, 골든에그트러플머쉬룸, 딥트러플머쉬룸더블 - 호주산과 뉴질랜드산 섞음/뉴질랜드산과 호주산 섞음 : 버거류 (주니어 포함) - 호주산과 뉴질랜드산 섞음 : 오리지널스 뉴욕스테이크, 오리지널스 메이플갈릭 * 와퍼류와 버거류의 쇠고기 원산지는 버거킹 APP 또는 매장 영수증, 주문 전 매장에서 확인 가능합니다. 돼지고기 - 외국산 : 베이컨(오리지널스 뉴욕스테이크, 오리지널스 메이플갈릭, 크리스퍼 클래식BLT, 몬스터와퍼",달콤한 불고기소스와 100% 순쇠고기 패티의 감칠맛나는 조화,올데이스낵&올데이킹
BurgerKing,비프불고기버거 라지세트,6100,969,0,61.0,20.0,0,10.0,0,0,956,"원산지 쇠고기 - 호주산과 뉴질랜드산 섞음/뉴질랜드산과 호주산 섞음 : 와퍼류, 더블오리지널치즈맥시멈2,3, 원파운더, 골든에그트러플머쉬룸, 딥트러플머쉬룸더블 - 호주산과 뉴질랜드산 섞음/뉴질랜드산과 호주산 섞음 : 버거류 (주니어 포함) - 호주산과 뉴질랜드산 섞음 : 오리지널스 뉴욕스테이크, 오리지널스 메이플갈릭 * 와퍼류와 버거류의 쇠고기 원산지는 버거킹 APP 또는 매장 영수증, 주문 전 매장에서 확인 가능합니다. 돼지고기 - 외국산 : 베이컨(오리지널스 뉴욕스테이크, 오리지널스 메이플갈릭, 크리스퍼 클래식BLT, 몬스터와퍼",달콤한 불고기소스와 100% 순쇠고기 패티의 감칠맛나는 조화,올데이스낵&올데이킹
BurgerKing,비프불고기버거 세트,7500,813,0,44.0,19.0,0,9.0,0,0,841,"원산지 쇠고기 - 호주산과 뉴질랜드산 섞음/뉴질랜드산과 호주산 섞음 : 와퍼류, 더블오리지널치즈맥시멈2,3, 원파운더, 골든에그트러플머쉬룸, 딥트러플머쉬룸더블 - 호주산과 뉴질랜드산 섞음/뉴질랜드산과 호주산 섞음 : 버거류 (주니어 포함) - 호주산과 뉴질랜드산 섞음 : 오리지널스 뉴욕스테이크, 오리지널스 메이플갈릭 * 와퍼류와 버거류의 쇠고기 원산지는 버거킹 APP 또는 매장 영수증, 주문 전 매장에서 확인 가능합니다. 돼지고기 - 외국산 : 베이컨(오리지널스 뉴욕스테이크, 오리지널스 메이플갈릭, 크리스퍼 클래식BLT, 몬스터와퍼",달콤한 불고기소스와 100% 순쇠고기 패티의 감칠맛나는 조화,올데이스낵&올데이킹
BurgerKing,크리스퍼 랩 불닭 치킨,2900,299,0,4.0,13.0,0,3.0,0,0,775,"원산지 쇠고기 - 호주산과 뉴질랜드산 섞음/뉴질랜드산과 호주산 섞음 : 와퍼류, 더블오리지널치즈맥시멈2,3, 원파운더, 골든에그트러플머쉬룸, 딥트러플머쉬룸더블 - 호주산과 뉴질랜드산 섞음/뉴질랜드산과 호주산 섞음 : 버거류 (주니어 포함) - 호주산과 뉴질랜드산 섞음 : 오리지널스 뉴욕스테이크, 오리지널스 메이플갈릭 * 와퍼류와 버거류의 쇠고기 원산지는 버거킹 APP 또는 매장 영수증, 주문 전 매장에서 확인 가능합니다. 돼지고기 - 외국산 : 베이컨(오리지널스 뉴욕스테이크, 오리지널스 메이플갈릭, 크리스퍼 클래식BLT, 몬스터와퍼",중독되는 매운맛으로 더 맛있어진 크리스퍼 랩,사이드
BurgerKing,크리스퍼 랩 양념 치킨,2000,342,0,6.0,12.0,0,3.0,0,0,682,"원산지 쇠고기 - 호주산과 뉴질랜드산 섞음/뉴질랜드산과 호주산 섞음 : 와퍼류, 더블오리지널치즈맥시멈2,3, 원파운더, 골든에그트러플머쉬룸, 딥트러플머쉬룸더블 - 호주산과 뉴질랜드산 섞음/뉴질랜드산과 호주산 섞음 : 버거류 (주니어 포함) - 호주산과 뉴질랜드산 섞음 : 오리지널스 뉴욕스테이크, 오리지널스 메이플갈릭 * 와퍼류와 버거류의 쇠고기 원산지는 버거킹 APP 또는 매장 영수증, 주문 전 매장에서 확인 가능합니다. 돼지고기 - 외국산 : 베이컨(오리지널스 뉴욕스테이크, 오리지널스 메이플갈릭, 크리스퍼 클래식BLT, 몬스터와퍼",매콤달콤한 한국식 양념소스로 더 맛있어진 크리스퍼 랩,사이드
BurgerKing,딥 트러플 프라이,2800,384,0,2.0,4.0,0,6.0,0,0,529,"원산지 쇠고기 - 호주산과 뉴질랜드산 섞음/뉴질랜드산과 호주산 섞음 : 와퍼류, 더블오리지널치즈맥시멈2,3, 원파운더, 골든에그트러플머쉬룸, 딥트러플머쉬룸더블 - 호주산과 뉴질랜드산 섞음/뉴질랜드산과 호주산 섞음 : 버거류 (주니어 포함) - 호주산과 뉴질랜드산 섞음 : 오리지널스 뉴욕스테이크, 오리지널스 메이플갈릭 * 와퍼류와 버거류의 쇠고기 원산지는 버거킹 APP 또는 매장 영수증, 주문 전 매장에서 확인 가능합니다. 돼지고기 - 외국산 : 베이컨(오리지널스 뉴욕스테이크, 오리지널스 메이플갈릭, 크리스퍼 클래식BLT, 몬스터와퍼",딥한 풍미의 트러플 프라이,사이드
BurgerKing,크리스퍼 랩,3000,359,0,4.0,12.0,0,3.0,0,0,651,"원산지 쇠고기 - 호주산과 뉴질랜드산 섞음/뉴질랜드산과 호주산 섞음 : 와퍼류, 더블오리지널치즈맥시멈2,3, 원파운더, 골든에그트러플머쉬룸, 딥트러플머쉬룸더블 - 호주산과 뉴질랜드산 섞음/뉴질랜드산과 호주산 섞음 : 버거류 (주니어 포함) - 호주산과 뉴질랜드산 섞음 : 오리지널스 뉴욕스테이크, 오리지널스 메이플갈릭 * 와퍼류와 버거류의 쇠고기 원산지는 버거킹 APP 또는 매장 영수증, 주문 전 매장에서 확인 가능합니다. 돼지고기 - 외국산 : 베이컨(오리지널스 뉴욕스테이크, 오리지널스 메이플갈릭, 크리스퍼 클래식BLT, 몬스터와퍼","든든하게 채우는 한입, 크리스퍼 스낵",사이드
BurgerKing,크리스퍼 텐더,2000,176,0,1.0,11.0,0,1.0,0,0,361,"원산지 쇠고기 - 호주산과 뉴질랜드산 섞음/뉴질랜드산과 호주산 섞음 : 와퍼류, 더블오리지널치즈맥시멈2,3, 원파운더, 골든에그트러플머쉬룸, 딥트러플머쉬룸더블 - 호주산과 뉴질랜드산 섞음/뉴질랜드산과 호주산 섞음 : 버거류 (주니어 포함) - 호주산과 뉴질랜드산 섞음 : 오리지널스 뉴욕스테이크, 오리지널스 메이플갈릭 * 와퍼류와 버거류의 쇠고기 원산지는 버거킹 APP 또는 매장 영수증, 주문 전 매장에서 확인 가능합니다. 돼지고기 - 외국산 : 베이컨(오리지널스 뉴욕스테이크, 오리지널스 메이플갈릭, 크리스퍼 클래식BLT, 몬스터와퍼","든든하게 채우는 한입, 크리스퍼 스낵",사이드
BurgerKing,바삭킹2조각,4600,272,0,1.7,15.0,0,5.0,0,0,497,"원산지 쇠고기 - 호주산과 뉴질랜드산 섞음/뉴질랜드산과 호주산 섞음 : 와퍼류, 더블오리지널치즈맥시멈2,3, 원파운더, 골든에그트러플머쉬룸, 딥트러플머쉬룸더블 - 호주산과 뉴질랜드산 섞음/뉴질랜드산과 호주산 섞음 : 버거류 (주니어 포함) - 호주산과 뉴질랜드산 섞음 : 오리지널스 뉴욕스테이크, 오리지널스 메이플갈릭 * 와퍼류와 버거류의 쇠고기 원산지는 버거킹 APP 또는 매장 영수증, 주문 전 매장에서 확인 가능합니다. 돼지고기 - 외국산 : 베이컨(오리지널스 뉴욕스테이크, 오리지널스 메이플갈릭, 크리스퍼 클래식BLT, 몬스터와퍼",매콤하게! 바삭하게 튀긴 치킨윙,사이드
BurgerKing,바삭킹4조각,4600,544,0,3.4,29.0,0,10.0,0,0,993,"원산지 쇠고기 - 호주산과 뉴질랜드산 섞음/뉴질랜드산과 호주산 섞음 : 와퍼류, 더블오리지널치즈맥시멈2,3, 원파운더, 골든에그트러플머쉬룸, 딥트러플머쉬룸더블 - 호주산과 뉴질랜드산 섞음/뉴질랜드산과 호주산 섞음 : 버거류 (주니어 포함) - 호주산과 뉴질랜드산 섞음 : 오리지널스 뉴욕스테이크, 오리지널스 메이플갈릭 * 와퍼류와 버거류의 쇠고기 원산지는 버거킹 APP 또는 매장 영수증, 주문 전 매장에서 확인 가능합니다. 돼지고기 - 외국산 : 베이컨(오리지널스 뉴욕스테이크, 오리지널스 메이플갈릭, 크리스퍼 클래식BLT, 몬스터와퍼",매콤하게! 바삭하게 튀긴 치킨윙,사이드
BurgerKing,리얼 어니언링(L),4000,396,0,5.0,3.0,0,5.9,0,0,529,"원산지 쇠고기 - 호주산과 뉴질랜드산 섞음/뉴질랜드산과 호주산 섞음 : 와퍼류, 더블오리지널치즈맥시멈2,3, 원파운더, 골든에그트러플머쉬룸, 딥트러플머쉬룸더블 - 호주산과 뉴질랜드산 섞음/뉴질랜드산과 호주산 섞음 : 버거류 (주니어 포함) - 호주산과 뉴질랜드산 섞음 : 오리지널스 뉴욕스테이크, 오리지널스 메이플갈릭 * 와퍼류와 버거류의 쇠고기 원산지는 버거킹 APP 또는 매장 영수증, 주문 전 매장에서 확인 가능합니다. 돼지고기 - 외국산 : 베이컨(오리지널스 뉴욕스테이크, 오리지널스 메이플갈릭, 크리스퍼 클래식BLT, 몬스터와퍼",통째로 썰어 더 두툼하고 더 바삭해진,사이드
BurgerKing,리얼 어니언링(R),4000,238,0,3.0,2.0,0,3.6,0,0,317,"원산지 쇠고기 - 호주산과 뉴질랜드산 섞음/뉴질랜드산과 호주산 섞음 : 와퍼류, 더블오리지널치즈맥시멈2,3, 원파운더, 골든에그트러플머쉬룸, 딥트러플머쉬룸더블 - 호주산과 뉴질랜드산 섞음/뉴질랜드산과 호주산 섞음 : 버거류 (주니어 포함) - 호주산과 뉴질랜드산 섞음 : 오리지널스 뉴욕스테이크, 오리지널스 메이플갈릭 * 와퍼류와 버거류의 쇠고기 원산지는 버거킹 APP 또는 매장 영수증, 주문 전 매장에서 확인 가능합니다. 돼지고기 - 외국산 : 베이컨(오리지널스 뉴욕스테이크, 오리지널스 메이플갈릭, 크리스퍼 클래식BLT, 몬스터와퍼",통째로 썰어 더 두툼하고 더 바삭해진,사이드
BurgerKing,너겟킹 10조각,2200,368,0,0.9,22.0,0,5.0,0,0,1054,"원산지 쇠고기 - 호주산과 뉴질랜드산 섞음/뉴질랜드산과 호주산 섞음 : 와퍼류, 더블오리지널치즈맥시멈2,3, 원파운더, 골든에그트러플머쉬룸, 딥트러플머쉬룸더블 - 호주산과 뉴질랜드산 섞음/뉴질랜드산과 호주산 섞음 : 버거류 (주니어 포함) - 호주산과 뉴질랜드산 섞음 : 오리지널스 뉴욕스테이크, 오리지널스 메이플갈릭 * 와퍼류와 버거류의 쇠고기 원산지는 버거킹 APP 또는 매장 영수증, 주문 전 매장에서 확인 가능합니다. 돼지고기 - 외국산 : 베이컨(오리지널스 뉴욕스테이크, 오리지널스 메이플갈릭, 크리스퍼 클래식BLT, 몬스터와퍼",바삭~ 촉촉~ 한입에 쏙 부드러운 너겟킹!,사이드
BurgerKing,너겟킹 4조각,3600,147,0,0.4,9.0,0,2.0,0,0,422,"원산지 쇠고기 - 호주산과 뉴질랜드산 섞음/뉴질랜드산과 호주산 섞음 : 와퍼류, 더블오리지널치즈맥시멈2,3, 원파운더, 골든에그트러플머쉬룸, 딥트러플머쉬룸더블 - 호주산과 뉴질랜드산 섞음/뉴질랜드산과 호주산 섞음 : 버거류 (주니어 포함) - 호주산과 뉴질랜드산 섞음 : 오리지널스 뉴욕스테이크, 오리지널스 메이플갈릭 * 와퍼류와 버거류의 쇠고기 원산지는 버거킹 APP 또는 매장 영수증, 주문 전 매장에서 확인 가능합니다. 돼지고기 - 외국산 : 베이컨(오리지널스 뉴욕스테이크, 오리지널스 메이플갈릭, 크리스퍼 클래식BLT, 몬스터와퍼",바삭~ 촉촉~ 한입에 쏙 부드러운 너겟킹!,사이드
BurgerKing,너겟킹 8조각,3600,294,0,0.7,17.0,0,4.0,0,0,843,"원산지 쇠고기 - 호주산과 뉴질랜드산 섞음/뉴질랜드산과 호주산 섞음 : 와퍼류, 더블오리지널치즈맥시멈2,3, 원파운더, 골든에그트러플머쉬룸, 딥트러플머쉬룸더블 - 호주산과 뉴질랜드산 섞음/뉴질랜드산과 호주산 섞음 : 버거류 (주니어 포함) - 호주산과 뉴질랜드산 섞음 : 오리지널스 뉴욕스테이크, 오리지널스 메이플갈릭 * 와퍼류와 버거류의 쇠고기 원산지는 버거킹 APP 또는 매장 영수증, 주문 전 매장에서 확인 가능합니다. 돼지고기 - 외국산 : 베이컨(오리지널스 뉴욕스테이크, 오리지널스 메이플갈릭, 크리스퍼 클래식BLT, 몬스터와퍼",너겟킹 8조각,사이드
BurgerKing,바삭킹8조각+디아블로소스,2200,1127,0,14.1,59.0,0,20.1,0,0,2279,"원산지 쇠고기 - 호주산과 뉴질랜드산 섞음/뉴질랜드산과 호주산 섞음 : 와퍼류, 더블오리지널치즈맥시멈2,3, 원파운더, 골든에그트러플머쉬룸, 딥트러플머쉬룸더블 - 호주산과 뉴질랜드산 섞음/뉴질랜드산과 호주산 섞음 : 버거류 (주니어 포함) - 호주산과 뉴질랜드산 섞음 : 오리지널스 뉴욕스테이크, 오리지널스 메이플갈릭 * 와퍼류와 버거류의 쇠고기 원산지는 버거킹 APP 또는 매장 영수증, 주문 전 매장에서 확인 가능합니다. 돼지고기 - 외국산 : 베이컨(오리지널스 뉴욕스테이크, 오리지널스 메이플갈릭, 크리스퍼 클래식BLT, 몬스터와퍼",매콤하게! 바삭하게 튀긴 치킨윙,사이드
BurgerKing,바삭킹8조각+스위트칠리소스,2400,1138,0,16.9,59.0,0,20.1,0,0,2191,"원산지 쇠고기 - 호주산과 뉴질랜드산 섞음/뉴질랜드산과 호주산 섞음 : 와퍼류, 더블오리지널치즈맥시멈2,3, 원파운더, 골든에그트러플머쉬룸, 딥트러플머쉬룸더블 - 호주산과 뉴질랜드산 섞음/뉴질랜드산과 호주산 섞음 : 버거류 (주니어 포함) - 호주산과 뉴질랜드산 섞음 : 오리지널스 뉴욕스테이크, 오리지널스 메이플갈릭 * 와퍼류와 버거류의 쇠고기 원산지는 버거킹 APP 또는 매장 영수증, 주문 전 매장에서 확인 가능합니다. 돼지고기 - 외국산 : 베이컨(오리지널스 뉴욕스테이크, 오리지널스 메이플갈릭, 크리스퍼 클래식BLT, 몬스터와퍼",매콤하게! 바삭하게 튀긴 치킨윙,사이드
BurgerKing,코코넛슈림프(3조각)+스위트칠리소스,2000,216,0,11.0,5.0,0,4.0,0,0,505,"원산지 쇠고기 - 호주산과 뉴질랜드산 섞음/뉴질랜드산과 호주산 섞음 : 와퍼류, 더블오리지널치즈맥시멈2,3, 원파운더, 골든에그트러플머쉬룸, 딥트러플머쉬룸더블 - 호주산과 뉴질랜드산 섞음/뉴질랜드산과 호주산 섞음 : 버거류 (주니어 포함) - 호주산과 뉴질랜드산 섞음 : 오리지널스 뉴욕스테이크, 오리지널스 메이플갈릭 * 와퍼류와 버거류의 쇠고기 원산지는 버거킹 APP 또는 매장 영수증, 주문 전 매장에서 확인 가능합니다. 돼지고기 - 외국산 : 베이컨(오리지널스 뉴욕스테이크, 오리지널스 메이플갈릭, 크리스퍼 클래식BLT, 몬스터와퍼",바삭한 코코넛 옷을 입은 탱글한 통새우와 새콤달콤 칠리소스,사이드
BurgerKing,코코넛슈림프(9조각)+스위트칠리소스,3000,548,0,13.0,15.0,0,11.0,0,0,1104,"원산지 쇠고기 - 호주산과 뉴질랜드산 섞음/뉴질랜드산과 호주산 섞음 : 와퍼류, 더블오리지널치즈맥시멈2,3, 원파운더, 골든에그트러플머쉬룸, 딥트러플머쉬룸더블 - 호주산과 뉴질랜드산 섞음/뉴질랜드산과 호주산 섞음 : 버거류 (주니어 포함) - 호주산과 뉴질랜드산 섞음 : 오리지널스 뉴욕스테이크, 오리지널스 메이플갈릭 * 와퍼류와 버거류의 쇠고기 원산지는 버거킹 APP 또는 매장 영수증, 주문 전 매장에서 확인 가능합니다. 돼지고기 - 외국산 : 베이컨(오리지널스 뉴욕스테이크, 오리지널스 메이플갈릭, 크리스퍼 클래식BLT, 몬스터와퍼",바삭한 코코넛 옷을 입은 탱글한 통새우와 새콤달콤 칠리소스,사이드
BurgerKing,코코넛슈림프(6조각)+스위트칠리소스,2800,382,0,12.0,10.0,0,7.0,0,0,804,"원산지 쇠고기 - 호주산과 뉴질랜드산 섞음/뉴질랜드산과 호주산 섞음 : 와퍼류, 더블오리지널치즈맥시멈2,3, 원파운더, 골든에그트러플머쉬룸, 딥트러플머쉬룸더블 - 호주산과 뉴질랜드산 섞음/뉴질랜드산과 호주산 섞음 : 버거류 (주니어 포함) - 호주산과 뉴질랜드산 섞음 : 오리지널스 뉴욕스테이크, 오리지널스 메이플갈릭 * 와퍼류와 버거류의 쇠고기 원산지는 버거킹 APP 또는 매장 영수증, 주문 전 매장에서 확인 가능합니다. 돼지고기 - 외국산 : 베이컨(오리지널스 뉴욕스테이크, 오리지널스 메이플갈릭, 크리스퍼 클래식BLT, 몬스터와퍼",바삭한 코코넛 옷을 입은 탱글한 통새우와 새콤달콤 칠리소스,사이드
BurgerKing,크리미모짜볼(10조각),2500,395,0,9.0,14.0,0,1.0,0,0,248,"원산지 쇠고기 - 호주산과 뉴질랜드산 섞음/뉴질랜드산과 호주산 섞음 : 와퍼류, 더블오리지널치즈맥시멈2,3, 원파운더, 골든에그트러플머쉬룸, 딥트러플머쉬룸더블 - 호주산과 뉴질랜드산 섞음/뉴질랜드산과 호주산 섞음 : 버거류 (주니어 포함) - 호주산과 뉴질랜드산 섞음 : 오리지널스 뉴욕스테이크, 오리지널스 메이플갈릭 * 와퍼류와 버거류의 쇠고기 원산지는 버거킹 APP 또는 매장 영수증, 주문 전 매장에서 확인 가능합니다. 돼지고기 - 외국산 : 베이컨(오리지널스 뉴욕스테이크, 오리지널스 메이플갈릭, 크리스퍼 클래식BLT, 몬스터와퍼","겉은 바삭~ 속은 부드러운 크림치즈가 쏘옥, 크리미모짜볼!",사이드
BurgerKing,크리미모짜볼(5조각),2700,198,0,4.0,7.0,0,1.0,0,0,124,"원산지 쇠고기 - 호주산과 뉴질랜드산 섞음/뉴질랜드산과 호주산 섞음 : 와퍼류, 더블오리지널치즈맥시멈2,3, 원파운더, 골든에그트러플머쉬룸, 딥트러플머쉬룸더블 - 호주산과 뉴질랜드산 섞음/뉴질랜드산과 호주산 섞음 : 버거류 (주니어 포함) - 호주산과 뉴질랜드산 섞음 : 오리지널스 뉴욕스테이크, 오리지널스 메이플갈릭 * 와퍼류와 버거류의 쇠고기 원산지는 버거킹 APP 또는 매장 영수증, 주문 전 매장에서 확인 가능합니다. 돼지고기 - 외국산 : 베이컨(오리지널스 뉴욕스테이크, 오리지널스 메이플갈릭, 크리스퍼 클래식BLT, 몬스터와퍼","겉은 바삭~ 속은 부드러운 크림치즈가 쏘옥, 크리미모짜볼!",사이드
BurgerKing,21치즈스틱,4000,136,0,2.0,7.0,0,2.0,0,0,271,"원산지 쇠고기 - 호주산과 뉴질랜드산 섞음/뉴질랜드산과 호주산 섞음 : 와퍼류, 더블오리지널치즈맥시멈2,3, 원파운더, 골든에그트러플머쉬룸, 딥트러플머쉬룸더블 - 호주산과 뉴질랜드산 섞음/뉴질랜드산과 호주산 섞음 : 버거류 (주니어 포함) - 호주산과 뉴질랜드산 섞음 : 오리지널스 뉴욕스테이크, 오리지널스 메이플갈릭 * 와퍼류와 버거류의 쇠고기 원산지는 버거킹 APP 또는 매장 영수증, 주문 전 매장에서 확인 가능합니다. 돼지고기 - 외국산 : 베이컨(오리지널스 뉴욕스테이크, 오리지널스 메이플갈릭, 크리스퍼 클래식BLT, 몬스터와퍼",21cm의 역대급 사이즈! 진하고 고소한 자연 모짜렐라가 가득한 21치즈스틱,사이드
BurgerKing,쉐이킹프라이 구운갈릭,3800,292,0,0.5,4.0,0,3.1,0,0,634,"원산지 쇠고기 - 호주산과 뉴질랜드산 섞음/뉴질랜드산과 호주산 섞음 : 와퍼류, 더블오리지널치즈맥시멈2,3, 원파운더, 골든에그트러플머쉬룸, 딥트러플머쉬룸더블 - 호주산과 뉴질랜드산 섞음/뉴질랜드산과 호주산 섞음 : 버거류 (주니어 포함) - 호주산과 뉴질랜드산 섞음 : 오리지널스 뉴욕스테이크, 오리지널스 메이플갈릭 * 와퍼류와 버거류의 쇠고기 원산지는 버거킹 APP 또는 매장 영수증, 주문 전 매장에서 확인 가능합니다. 돼지고기 - 외국산 : 베이컨(오리지널스 뉴욕스테이크, 오리지널스 메이플갈릭, 크리스퍼 클래식BLT, 몬스터와퍼",구운 마늘의 깊은 풍미!,사이드
BurgerKing,쉐이킹프라이 스윗어니언,3800,297,0,1.29,4.0,0,3.0,0,0,486,"원산지 쇠고기 - 호주산과 뉴질랜드산 섞음/뉴질랜드산과 호주산 섞음 : 와퍼류, 더블오리지널치즈맥시멈2,3, 원파운더, 골든에그트러플머쉬룸, 딥트러플머쉬룸더블 - 호주산과 뉴질랜드산 섞음/뉴질랜드산과 호주산 섞음 : 버거류 (주니어 포함) - 호주산과 뉴질랜드산 섞음 : 오리지널스 뉴욕스테이크, 오리지널스 메이플갈릭 * 와퍼류와 버거류의 쇠고기 원산지는 버거킹 APP 또는 매장 영수증, 주문 전 매장에서 확인 가능합니다. 돼지고기 - 외국산 : 베이컨(오리지널스 뉴욕스테이크, 오리지널스 메이플갈릭, 크리스퍼 클래식BLT, 몬스터와퍼",달콤 고소한 단짠의 정석!,사이드
BurgerKing,쉐이킹프라이 매콤치즈,3800,287,0,0.6,4.0,0,3.1,0,0,687,"원산지 쇠고기 - 호주산과 뉴질랜드산 섞음/뉴질랜드산과 호주산 섞음 : 와퍼류, 더블오리지널치즈맥시멈2,3, 원파운더, 골든에그트러플머쉬룸, 딥트러플머쉬룸더블 - 호주산과 뉴질랜드산 섞음/뉴질랜드산과 호주산 섞음 : 버거류 (주니어 포함) - 호주산과 뉴질랜드산 섞음 : 오리지널스 뉴욕스테이크, 오리지널스 메이플갈릭 * 와퍼류와 버거류의 쇠고기 원산지는 버거킹 APP 또는 매장 영수증, 주문 전 매장에서 확인 가능합니다. 돼지고기 - 외국산 : 베이컨(오리지널스 뉴욕스테이크, 오리지널스 메이플갈릭, 크리스퍼 클래식BLT, 몬스터와퍼",고소한 치즈맛에 매콤함까지!,사이드
BurgerKing,프렌치프라이(L),3500,370,0,0.2,5.0,0,5.0,0,0,443,"원산지 쇠고기 - 호주산과 뉴질랜드산 섞음/뉴질랜드산과 호주산 섞음 : 와퍼류, 더블오리지널치즈맥시멈2,3, 원파운더, 골든에그트러플머쉬룸, 딥트러플머쉬룸더블 - 호주산과 뉴질랜드산 섞음/뉴질랜드산과 호주산 섞음 : 버거류 (주니어 포함) - 호주산과 뉴질랜드산 섞음 : 오리지널스 뉴욕스테이크, 오리지널스 메이플갈릭 * 와퍼류와 버거류의 쇠고기 원산지는 버거킹 APP 또는 매장 영수증, 주문 전 매장에서 확인 가능합니다. 돼지고기 - 외국산 : 베이컨(오리지널스 뉴욕스테이크, 오리지널스 메이플갈릭, 크리스퍼 클래식BLT, 몬스터와퍼",버거킹의 대표 사이드 메뉴 프렌치프라이,사이드
BurgerKing,프렌치프라이(R),3500,279,0,0.2,4.0,0,3.0,0,0,335,"원산지 쇠고기 - 호주산과 뉴질랜드산 섞음/뉴질랜드산과 호주산 섞음 : 와퍼류, 더블오리지널치즈맥시멈2,3, 원파운더, 골든에그트러플머쉬룸, 딥트러플머쉬룸더블 - 호주산과 뉴질랜드산 섞음/뉴질랜드산과 호주산 섞음 : 버거류 (주니어 포함) - 호주산과 뉴질랜드산 섞음 : 오리지널스 뉴욕스테이크, 오리지널스 메이플갈릭 * 와퍼류와 버거류의 쇠고기 원산지는 버거킹 APP 또는 매장 영수증, 주문 전 매장에서 확인 가능합니다. 돼지고기 - 외국산 : 베이컨(오리지널스 뉴욕스테이크, 오리지널스 메이플갈릭, 크리스퍼 클래식BLT, 몬스터와퍼",버거킹의 대표 사이드 메뉴 프렌치프라이,사이드
BurgerKing,콘샐러드,3500,148,0,2.0,2.0,0,0.9,0,0,267,"원산지 쇠고기 - 호주산과 뉴질랜드산 섞음/뉴질랜드산과 호주산 섞음 : 와퍼류, 더블오리지널치즈맥시멈2,3, 원파운더, 골든에그트러플머쉬룸, 딥트러플머쉬룸더블 - 호주산과 뉴질랜드산 섞음/뉴질랜드산과 호주산 섞음 : 버거류 (주니어 포함) - 호주산과 뉴질랜드산 섞음 : 오리지널스 뉴욕스테이크, 오리지널스 메이플갈릭 * 와퍼류와 버거류의 쇠고기 원산지는 버거킹 APP 또는 매장 영수증, 주문 전 매장에서 확인 가능합니다. 돼지고기 - 외국산 : 베이컨(오리지널스 뉴욕스테이크, 오리지널스 메이플갈릭, 크리스퍼 클래식BLT, 몬스터와퍼",달콤한 옥수수와 싱싱한 야채의 어울림,사이드
BurgerKing,코울슬로,3500,157,0,9.0,1.0,0,0.9,0,0,212,"원산지 쇠고기 - 호주산과 뉴질랜드산 섞음/뉴질랜드산과 호주산 섞음 : 와퍼류, 더블오리지널치즈맥시멈2,3, 원파운더, 골든에그트러플머쉬룸, 딥트러플머쉬룸더블 - 호주산과 뉴질랜드산 섞음/뉴질랜드산과 호주산 섞음 : 버거류 (주니어 포함) - 호주산과 뉴질랜드산 섞음 : 오리지널스 뉴욕스테이크, 오리지널스 메이플갈릭 * 와퍼류와 버거류의 쇠고기 원산지는 버거킹 APP 또는 매장 영수증, 주문 전 매장에서 확인 가능합니다. 돼지고기 - 외국산 : 베이컨(오리지널스 뉴욕스테이크, 오리지널스 메이플갈릭, 크리스퍼 클래식BLT, 몬스터와퍼",아삭아삭한 양배추와 상큼한 드레싱의 코울슬로,사이드
BurgerKing,디아블로소스,800,40,0,9.0,0.0,0,0.0,0,0,352,"원산지 쇠고기 - 호주산과 뉴질랜드산 섞음/뉴질랜드산과 호주산 섞음 : 와퍼류, 더블오리지널치즈맥시멈2,3, 원파운더, 골든에그트러플머쉬룸, 딥트러플머쉬룸더블 - 호주산과 뉴질랜드산 섞음/뉴질랜드산과 호주산 섞음 : 버거류 (주니어 포함) - 호주산과 뉴질랜드산 섞음 : 오리지널스 뉴욕스테이크, 오리지널스 메이플갈릭 * 와퍼류와 버거류의 쇠고기 원산지는 버거킹 APP 또는 매장 영수증, 주문 전 매장에서 확인 가능합니다. 돼지고기 - 외국산 : 베이컨(오리지널스 뉴욕스테이크, 오리지널스 메이플갈릭, 크리스퍼 클래식BLT, 몬스터와퍼",계속 끌리는 매콤한 맛!,사이드
BurgerKing,허니머스타드소스,2400,30,0,2.0,0.0,0,0.0,0,0,60,"원산지 쇠고기 - 호주산과 뉴질랜드산 섞음/뉴질랜드산과 호주산 섞음 : 와퍼류, 더블오리지널치즈맥시멈2,3, 원파운더, 골든에그트러플머쉬룸, 딥트러플머쉬룸더블 - 호주산과 뉴질랜드산 섞음/뉴질랜드산과 호주산 섞음 : 버거류 (주니어 포함) - 호주산과 뉴질랜드산 섞음 : 오리지널스 뉴욕스테이크, 오리지널스 메이플갈릭 * 와퍼류와 버거류의 쇠고기 원산지는 버거킹 APP 또는 매장 영수증, 주문 전 매장에서 확인 가능합니다. 돼지고기 - 외국산 : 베이컨(오리지널스 뉴욕스테이크, 오리지널스 메이플갈릭, 크리스퍼 클래식BLT, 몬스터와퍼",느끼함을 잡아주는 달콤한 맛!,사이드
BurgerKing,스위트칠리소스,800,227,0,0.0,14.0,8,0.0,0,0,47,"밀, 우유, 토마토, 대두",새콤 달콤한 맛!,사이드
BurgerKing,구운갈릭 시즈닝,500,8,0,2.0,0.0,0,0.0,0,0,150,"원산지 쇠고기 - 호주산과 뉴질랜드산 섞음/뉴질랜드산과 호주산 섞음 : 와퍼류, 더블오리지널치즈맥시멈2,3, 원파운더, 골든에그트러플머쉬룸, 딥트러플머쉬룸더블 - 호주산과 뉴질랜드산 섞음/뉴질랜드산과 호주산 섞음 : 버거류 (주니어 포함) - 호주산과 뉴질랜드산 섞음 : 오리지널스 뉴욕스테이크, 오리지널스 메이플갈릭 * 와퍼류와 버거류의 쇠고기 원산지는 버거킹 APP 또는 매장 영수증, 주문 전 매장에서 확인 가능합니다. 돼지고기 - 외국산 : 베이컨(오리지널스 뉴욕스테이크, 오리지널스 메이플갈릭, 크리스퍼 클래식BLT, 몬스터와퍼",,사이드
BurgerKing,스윗어니언 시즈닝,500,8,0,2.0,0.0,0,0.0,0,0,140,"원산지 쇠고기 - 호주산과 뉴질랜드산 섞음/뉴질랜드산과 호주산 섞음 : 와퍼류, 더블오리지널치즈맥시멈2,3, 원파운더, 골든에그트러플머쉬룸, 딥트러플머쉬룸더블 - 호주산과 뉴질랜드산 섞음/뉴질랜드산과 호주산 섞음 : 버거류 (주니어 포함) - 호주산과 뉴질랜드산 섞음 : 오리지널스 뉴욕스테이크, 오리지널스 메이플갈릭 * 와퍼류와 버거류의 쇠고기 원산지는 버거킹 APP 또는 매장 영수증, 주문 전 매장에서 확인 가능합니다. 돼지고기 - 외국산 : 베이컨(오리지널스 뉴욕스테이크, 오리지널스 메이플갈릭, 크리스퍼 클래식BLT, 몬스터와퍼",,사이드
BurgerKing,매콤치즈 시즈닝,500,9,0,1.0,0.0,0,0.0,0,0,250,"원산지 쇠고기 - 호주산과 뉴질랜드산 섞음/뉴질랜드산과 호주산 섞음 : 와퍼류, 더블오리지널치즈맥시멈2,3, 원파운더, 골든에그트러플머쉬룸, 딥트러플머쉬룸더블 - 호주산과 뉴질랜드산 섞음/뉴질랜드산과 호주산 섞음 : 버거류 (주니어 포함) - 호주산과 뉴질랜드산 섞음 : 오리지널스 뉴욕스테이크, 오리지널스 메이플갈릭 * 와퍼류와 버거류의 쇠고기 원산지는 버거킹 APP 또는 매장 영수증, 주문 전 매장에서 확인 가능합니다. 돼지고기 - 외국산 : 베이컨(오리지널스 뉴욕스테이크, 오리지널스 메이플갈릭, 크리스퍼 클래식BLT, 몬스터와퍼",,사이드
BurgerKing,딥 크런치 아포가토,1900,182,0,29.0,5.0,0,3.0,0,0,150,"원산지 쇠고기 - 호주산과 뉴질랜드산 섞음/뉴질랜드산과 호주산 섞음 : 와퍼류, 더블오리지널치즈맥시멈2,3, 원파운더, 골든에그트러플머쉬룸, 딥트러플머쉬룸더블 - 호주산과 뉴질랜드산 섞음/뉴질랜드산과 호주산 섞음 : 버거류 (주니어 포함) - 호주산과 뉴질랜드산 섞음 : 오리지널스 뉴욕스테이크, 오리지널스 메이플갈릭 * 와퍼류와 버거류의 쇠고기 원산지는 버거킹 APP 또는 매장 영수증, 주문 전 매장에서 확인 가능합니다. 돼지고기 - 외국산 : 베이컨(오리지널스 뉴욕스테이크, 오리지널스 메이플갈릭, 크리스퍼 클래식BLT, 몬스터와퍼",밀크 선데 위 진한 에스프레소와 단짠단짠 카라멜 크런치 토핑,음료&디저트
BurgerKing,킹플로트(닥터페퍼 제로),1900,74,0,10.0,2.0,0,1.0,0,0,69,"원산지 쇠고기 - 호주산과 뉴질랜드산 섞음/뉴질랜드산과 호주산 섞음 : 와퍼류, 더블오리지널치즈맥시멈2,3, 원파운더, 골든에그트러플머쉬룸, 딥트러플머쉬룸더블 - 호주산과 뉴질랜드산 섞음/뉴질랜드산과 호주산 섞음 : 버거류 (주니어 포함) - 호주산과 뉴질랜드산 섞음 : 오리지널스 뉴욕스테이크, 오리지널스 메이플갈릭 * 와퍼류와 버거류의 쇠고기 원산지는 버거킹 APP 또는 매장 영수증, 주문 전 매장에서 확인 가능합니다. 돼지고기 - 외국산 : 베이컨(오리지널스 뉴욕스테이크, 오리지널스 메이플갈릭, 크리스퍼 클래식BLT, 몬스터와퍼","톡쏘는 유니크함, Zero로 라이트하게 Float로 부드럽게",음료&디저트
BurgerKing,카라멜 버터쿠키 킹퓨전,1600,299,0,42.0,6.0,0,5.0,0,0,321,"원산지 쇠고기 - 호주산과 뉴질랜드산 섞음/뉴질랜드산과 호주산 섞음 : 와퍼류, 더블오리지널치즈맥시멈2,3, 원파운더, 골든에그트러플머쉬룸, 딥트러플머쉬룸더블 - 호주산과 뉴질랜드산 섞음/뉴질랜드산과 호주산 섞음 : 버거류 (주니어 포함) - 호주산과 뉴질랜드산 섞음 : 오리지널스 뉴욕스테이크, 오리지널스 메이플갈릭 * 와퍼류와 버거류의 쇠고기 원산지는 버거킹 APP 또는 매장 영수증, 주문 전 매장에서 확인 가능합니다. 돼지고기 - 외국산 : 베이컨(오리지널스 뉴욕스테이크, 오리지널스 메이플갈릭, 크리스퍼 클래식BLT, 몬스터와퍼",부드러운 밀크선데 위 고소한 버터쿠키와 달콤한 카라멜 시럽!,음료&디저트
BurgerKing,초코 브라우니 킹퓨전,1700,325,0,45.0,6.0,0,7.0,0,0,195,"원산지 쇠고기 - 호주산과 뉴질랜드산 섞음/뉴질랜드산과 호주산 섞음 : 와퍼류, 더블오리지널치즈맥시멈2,3, 원파운더, 골든에그트러플머쉬룸, 딥트러플머쉬룸더블 - 호주산과 뉴질랜드산 섞음/뉴질랜드산과 호주산 섞음 : 버거류 (주니어 포함) - 호주산과 뉴질랜드산 섞음 : 오리지널스 뉴욕스테이크, 오리지널스 메이플갈릭 * 와퍼류와 버거류의 쇠고기 원산지는 버거킹 APP 또는 매장 영수증, 주문 전 매장에서 확인 가능합니다. 돼지고기 - 외국산 : 베이컨(오리지널스 뉴욕스테이크, 오리지널스 메이플갈릭, 크리스퍼 클래식BLT, 몬스터와퍼",부드러운 밀크선데 위 쫀득한 브라우니와 진한 초코 시럽!,음료&디저트
BurgerKing,초코 선데,1700,232,0,38.0,2.0,0,3.0,0,0,147,"원산지 쇠고기 - 호주산과 뉴질랜드산 섞음/뉴질랜드산과 호주산 섞음 : 와퍼류, 더블오리지널치즈맥시멈2,3, 원파운더, 골든에그트러플머쉬룸, 딥트러플머쉬룸더블 - 호주산과 뉴질랜드산 섞음/뉴질랜드산과 호주산 섞음 : 버거류 (주니어 포함) - 호주산과 뉴질랜드산 섞음 : 오리지널스 뉴욕스테이크, 오리지널스 메이플갈릭 * 와퍼류와 버거류의 쇠고기 원산지는 버거킹 APP 또는 매장 영수증, 주문 전 매장에서 확인 가능합니다. 돼지고기 - 외국산 : 베이컨(오리지널스 뉴욕스테이크, 오리지널스 메이플갈릭, 크리스퍼 클래식BLT, 몬스터와퍼",달콤하고 진한 초코의 맛!,음료&디저트
BurgerKing,밀크 선데,2300,165,0,27.0,1.0,0,3.0,0,0,116,"원산지 쇠고기 - 호주산과 뉴질랜드산 섞음/뉴질랜드산과 호주산 섞음 : 와퍼류, 더블오리지널치즈맥시멈2,3, 원파운더, 골든에그트러플머쉬룸, 딥트러플머쉬룸더블 - 호주산과 뉴질랜드산 섞음/뉴질랜드산과 호주산 섞음 : 버거류 (주니어 포함) - 호주산과 뉴질랜드산 섞음 : 오리지널스 뉴욕스테이크, 오리지널스 메이플갈릭 * 와퍼류와 버거류의 쇠고기 원산지는 버거킹 APP 또는 매장 영수증, 주문 전 매장에서 확인 가능합니다. 돼지고기 - 외국산 : 베이컨(오리지널스 뉴욕스테이크, 오리지널스 메이플갈릭, 크리스퍼 클래식BLT, 몬스터와퍼",향긋한 바닐라 향 때문에 더 맛있다!,음료&디저트
BurgerKing,아이스초코,1800,253,0,31.0,3.0,0,4.3,0,0,75,"원산지 쇠고기 - 호주산과 뉴질랜드산 섞음/뉴질랜드산과 호주산 섞음 : 와퍼류, 더블오리지널치즈맥시멈2,3, 원파운더, 골든에그트러플머쉬룸, 딥트러플머쉬룸더블 - 호주산과 뉴질랜드산 섞음/뉴질랜드산과 호주산 섞음 : 버거류 (주니어 포함) - 호주산과 뉴질랜드산 섞음 : 오리지널스 뉴욕스테이크, 오리지널스 메이플갈릭 * 와퍼류와 버거류의 쇠고기 원산지는 버거킹 APP 또는 매장 영수증, 주문 전 매장에서 확인 가능합니다. 돼지고기 - 외국산 : 베이컨(오리지널스 뉴욕스테이크, 오리지널스 메이플갈릭, 크리스퍼 클래식BLT, 몬스터와퍼","달콤한 초코, 시원하게 즐기세요!",음료&디저트
BurgerKing,핫초코,1500,210,0,23.0,2.0,0,4.0,0,0,86,"원산지 쇠고기 - 호주산과 뉴질랜드산 섞음/뉴질랜드산과 호주산 섞음 : 와퍼류, 더블오리지널치즈맥시멈2,3, 원파운더, 골든에그트러플머쉬룸, 딥트러플머쉬룸더블 - 호주산과 뉴질랜드산 섞음/뉴질랜드산과 호주산 섞음 : 버거류 (주니어 포함) - 호주산과 뉴질랜드산 섞음 : 오리지널스 뉴욕스테이크, 오리지널스 메이플갈릭 * 와퍼류와 버거류의 쇠고기 원산지는 버거킹 APP 또는 매장 영수증, 주문 전 매장에서 확인 가능합니다. 돼지고기 - 외국산 : 베이컨(오리지널스 뉴욕스테이크, 오리지널스 메이플갈릭, 크리스퍼 클래식BLT, 몬스터와퍼","달콤한 초코, 따뜻하게 즐기세요!",음료&디저트
BurgerKing,아메리카노,3000,7,0,0.0,0.0,0,0.0,0,0,3,"원산지 쇠고기 - 호주산과 뉴질랜드산 섞음/뉴질랜드산과 호주산 섞음 : 와퍼류, 더블오리지널치즈맥시멈2,3, 원파운더, 골든에그트러플머쉬룸, 딥트러플머쉬룸더블 - 호주산과 뉴질랜드산 섞음/뉴질랜드산과 호주산 섞음 : 버거류 (주니어 포함) - 호주산과 뉴질랜드산 섞음 : 오리지널스 뉴욕스테이크, 오리지널스 메이플갈릭 * 와퍼류와 버거류의 쇠고기 원산지는 버거킹 APP 또는 매장 영수증, 주문 전 매장에서 확인 가능합니다. 돼지고기 - 외국산 : 베이컨(오리지널스 뉴욕스테이크, 오리지널스 메이플갈릭, 크리스퍼 클래식BLT, 몬스터와퍼",프리미엄 스페셜티 블렌드 커피,음료&디저트
BurgerKing,아이스아메리카노,3000,8,0,0.0,0.0,0,0.0,0,0,0,"원산지 쇠고기 - 호주산과 뉴질랜드산 섞음/뉴질랜드산과 호주산 섞음 : 와퍼류, 더블오리지널치즈맥시멈2,3, 원파운더, 골든에그트러플머쉬룸, 딥트러플머쉬룸더블 - 호주산과 뉴질랜드산 섞음/뉴질랜드산과 호주산 섞음 : 버거류 (주니어 포함) - 호주산과 뉴질랜드산 섞음 : 오리지널스 뉴욕스테이크, 오리지널스 메이플갈릭 * 와퍼류와 버거류의 쇠고기 원산지는 버거킹 APP 또는 매장 영수증, 주문 전 매장에서 확인 가능합니다. 돼지고기 - 외국산 : 베이컨(오리지널스 뉴욕스테이크, 오리지널스 메이플갈릭, 크리스퍼 클래식BLT, 몬스터와퍼",프리미엄 스페셜티 블렌드 커피,음료&디저트
BurgerKing,닥터페퍼 제로(L),2100,0,0,0.0,0.0,0,0.0,0,0,63,"원산지 쇠고기 - 호주산과 뉴질랜드산 섞음/뉴질랜드산과 호주산 섞음 : 와퍼류, 더블오리지널치즈맥시멈2,3, 원파운더, 골든에그트러플머쉬룸, 딥트러플머쉬룸더블 - 호주산과 뉴질랜드산 섞음/뉴질랜드산과 호주산 섞음 : 버거류 (주니어 포함) - 호주산과 뉴질랜드산 섞음 : 오리지널스 뉴욕스테이크, 오리지널스 메이플갈릭 * 와퍼류와 버거류의 쇠고기 원산지는 버거킹 APP 또는 매장 영수증, 주문 전 매장에서 확인 가능합니다. 돼지고기 - 외국산 : 베이컨(오리지널스 뉴욕스테이크, 오리지널스 메이플갈릭, 크리스퍼 클래식BLT, 몬스터와퍼","톡쏘는 유니크함, Zero로 라이트하게",음료&디저트
BurgerKing,닥터페퍼 제로(R),2300,0,0,0.0,0.0,0,0.0,0,0,44,"원산지 쇠고기 - 호주산과 뉴질랜드산 섞음/뉴질랜드산과 호주산 섞음 : 와퍼류, 더블오리지널치즈맥시멈2,3, 원파운더, 골든에그트러플머쉬룸, 딥트러플머쉬룸더블 - 호주산과 뉴질랜드산 섞음/뉴질랜드산과 호주산 섞음 : 버거류 (주니어 포함) - 호주산과 뉴질랜드산 섞음 : 오리지널스 뉴욕스테이크, 오리지널스 메이플갈릭 * 와퍼류와 버거류의 쇠고기 원산지는 버거킹 APP 또는 매장 영수증, 주문 전 매장에서 확인 가능합니다. 돼지고기 - 외국산 : 베이컨(오리지널스 뉴욕스테이크, 오리지널스 메이플갈릭, 크리스퍼 클래식BLT, 몬스터와퍼","톡쏘는 유니크함, Zero로 라이트하게",음료&디저트
BurgerKing,코카콜라(R),3500,150,0,39.1,0.0,0,0.0,0,0,15,"원산지 쇠고기 - 호주산과 뉴질랜드산 섞음/뉴질랜드산과 호주산 섞음 : 와퍼류, 더블오리지널치즈맥시멈2,3, 원파운더, 골든에그트러플머쉬룸, 딥트러플머쉬룸더블 - 호주산과 뉴질랜드산 섞음/뉴질랜드산과 호주산 섞음 : 버거류 (주니어 포함) - 호주산과 뉴질랜드산 섞음 : 오리지널스 뉴욕스테이크, 오리지널스 메이플갈릭 * 와퍼류와 버거류의 쇠고기 원산지는 버거킹 APP 또는 매장 영수증, 주문 전 매장에서 확인 가능합니다. 돼지고기 - 외국산 : 베이컨(오리지널스 뉴욕스테이크, 오리지널스 메이플갈릭, 크리스퍼 클래식BLT, 몬스터와퍼",코카-콜라로 더 짜릿하게!,음료&디저트
BurgerKing,코카콜라(L),3500,215,0,55.9,0.0,0,0.0,0,0,22,"원산지 쇠고기 - 호주산과 뉴질랜드산 섞음/뉴질랜드산과 호주산 섞음 : 와퍼류, 더블오리지널치즈맥시멈2,3, 원파운더, 골든에그트러플머쉬룸, 딥트러플머쉬룸더블 - 호주산과 뉴질랜드산 섞음/뉴질랜드산과 호주산 섞음 : 버거류 (주니어 포함) - 호주산과 뉴질랜드산 섞음 : 오리지널스 뉴욕스테이크, 오리지널스 메이플갈릭 * 와퍼류와 버거류의 쇠고기 원산지는 버거킹 APP 또는 매장 영수증, 주문 전 매장에서 확인 가능합니다. 돼지고기 - 외국산 : 베이컨(오리지널스 뉴욕스테이크, 오리지널스 메이플갈릭, 크리스퍼 클래식BLT, 몬스터와퍼",코카-콜라로 더 짜릿하게!,음료&디저트
BurgerKing,코카콜라 제로(R),3500,0,0,0.0,0.0,0,0.0,0,0,30,"원산지 쇠고기 - 호주산과 뉴질랜드산 섞음/뉴질랜드산과 호주산 섞음 : 와퍼류, 더블오리지널치즈맥시멈2,3, 원파운더, 골든에그트러플머쉬룸, 딥트러플머쉬룸더블 - 호주산과 뉴질랜드산 섞음/뉴질랜드산과 호주산 섞음 : 버거류 (주니어 포함) - 호주산과 뉴질랜드산 섞음 : 오리지널스 뉴욕스테이크, 오리지널스 메이플갈릭 * 와퍼류와 버거류의 쇠고기 원산지는 버거킹 APP 또는 매장 영수증, 주문 전 매장에서 확인 가능합니다. 돼지고기 - 외국산 : 베이컨(오리지널스 뉴욕스테이크, 오리지널스 메이플갈릭, 크리스퍼 클래식BLT, 몬스터와퍼","100% 짜릿함, 칼로리는 제로!",음료&디저트
BurgerKing,코카콜라 제로(L),3500,0,0,0.0,0.0,0,0.0,0,0,43,"원산지 쇠고기 - 호주산과 뉴질랜드산 섞음/뉴질랜드산과 호주산 섞음 : 와퍼류, 더블오리지널치즈맥시멈2,3, 원파운더, 골든에그트러플머쉬룸, 딥트러플머쉬룸더블 - 호주산과 뉴질랜드산 섞음/뉴질랜드산과 호주산 섞음 : 버거류 (주니어 포함) - 호주산과 뉴질랜드산 섞음 : 오리지널스 뉴욕스테이크, 오리지널스 메이플갈릭 * 와퍼류와 버거류의 쇠고기 원산지는 버거킹 APP 또는 매장 영수증, 주문 전 매장에서 확인 가능합니다. 돼지고기 - 외국산 : 베이컨(오리지널스 뉴욕스테이크, 오리지널스 메이플갈릭, 크리스퍼 클래식BLT, 몬스터와퍼","100% 짜릿함, 칼로리는 제로!",음료&디저트
BurgerKing,스프라이트(L),3500,237,0,60.2,0.0,0,0.0,0,0,32,"원산지 쇠고기 - 호주산과 뉴질랜드산 섞음/뉴질랜드산과 호주산 섞음 : 와퍼류, 더블오리지널치즈맥시멈2,3, 원파운더, 골든에그트러플머쉬룸, 딥트러플머쉬룸더블 - 호주산과 뉴질랜드산 섞음/뉴질랜드산과 호주산 섞음 : 버거류 (주니어 포함) - 호주산과 뉴질랜드산 섞음 : 오리지널스 뉴욕스테이크, 오리지널스 메이플갈릭 * 와퍼류와 버거류의 쇠고기 원산지는 버거킹 APP 또는 매장 영수증, 주문 전 매장에서 확인 가능합니다. 돼지고기 - 외국산 : 베이컨(오리지널스 뉴욕스테이크, 오리지널스 메이플갈릭, 크리스퍼 클래식BLT, 몬스터와퍼",나를 깨우는 상쾌함!,음료&디저트
BurgerKing,스프라이트(R),3500,165,0,42.1,0.0,0,0.0,0,0,23,"원산지 쇠고기 - 호주산과 뉴질랜드산 섞음/뉴질랜드산과 호주산 섞음 : 와퍼류, 더블오리지널치즈맥시멈2,3, 원파운더, 골든에그트러플머쉬룸, 딥트러플머쉬룸더블 - 호주산과 뉴질랜드산 섞음/뉴질랜드산과 호주산 섞음 : 버거류 (주니어 포함) - 호주산과 뉴질랜드산 섞음 : 오리지널스 뉴욕스테이크, 오리지널스 메이플갈릭 * 와퍼류와 버거류의 쇠고기 원산지는 버거킹 APP 또는 매장 영수증, 주문 전 매장에서 확인 가능합니다. 돼지고기 - 외국산 : 베이컨(오리지널스 뉴욕스테이크, 오리지널스 메이플갈릭, 크리스퍼 클래식BLT, 몬스터와퍼",나를 깨우는 상쾌함!,음료&디저트
BurgerKing,스프라이트 제로(R),3500,0,0,0.0,0.0,0,0.0,0,0,64,"원산지 쇠고기 - 호주산과 뉴질랜드산 섞음/뉴질랜드산과 호주산 섞음 : 와퍼류, 더블오리지널치즈맥시멈2,3, 원파운더, 골든에그트러플머쉬룸, 딥트러플머쉬룸더블 - 호주산과 뉴질랜드산 섞음/뉴질랜드산과 호주산 섞음 : 버거류 (주니어 포함) - 호주산과 뉴질랜드산 섞음 : 오리지널스 뉴욕스테이크, 오리지널스 메이플갈릭 * 와퍼류와 버거류의 쇠고기 원산지는 버거킹 APP 또는 매장 영수증, 주문 전 매장에서 확인 가능합니다. 돼지고기 - 외국산 : 베이컨(오리지널스 뉴욕스테이크, 오리지널스 메이플갈릭, 크리스퍼 클래식BLT, 몬스터와퍼",제대로 상쾌한 맛남 스프라이트 제로!,음료&디저트
BurgerKing,스프라이트 제로(L),3500,0,0,0.0,0.0,0,0.0,0,0,91,"원산지 쇠고기 - 호주산과 뉴질랜드산 섞음/뉴질랜드산과 호주산 섞음 : 와퍼류, 더블오리지널치즈맥시멈2,3, 원파운더, 골든에그트러플머쉬룸, 딥트러플머쉬룸더블 - 호주산과 뉴질랜드산 섞음/뉴질랜드산과 호주산 섞음 : 버거류 (주니어 포함) - 호주산과 뉴질랜드산 섞음 : 오리지널스 뉴욕스테이크, 오리지널스 메이플갈릭 * 와퍼류와 버거류의 쇠고기 원산지는 버거킹 APP 또는 매장 영수증, 주문 전 매장에서 확인 가능합니다. 돼지고기 - 외국산 : 베이컨(오리지널스 뉴욕스테이크, 오리지널스 메이플갈릭, 크리스퍼 클래식BLT, 몬스터와퍼",제대로 상쾌한 맛남 스프라이트 제로!,음료&디저트
BurgerKing,미닛메이드 오렌지,2200,112,0,22.0,1.9,0,0.0,0,0,95,"원산지 쇠고기 - 호주산과 뉴질랜드산 섞음/뉴질랜드산과 호주산 섞음 : 와퍼류, 더블오리지널치즈맥시멈2,3, 원파운더, 골든에그트러플머쉬룸, 딥트러플머쉬룸더블 - 호주산과 뉴질랜드산 섞음/뉴질랜드산과 호주산 섞음 : 버거류 (주니어 포함) - 호주산과 뉴질랜드산 섞음 : 오리지널스 뉴욕스테이크, 오리지널스 메이플갈릭 * 와퍼류와 버거류의 쇠고기 원산지는 버거킹 APP 또는 매장 영수증, 주문 전 매장에서 확인 가능합니다. 돼지고기 - 외국산 : 베이컨(오리지널스 뉴욕스테이크, 오리지널스 메이플갈릭, 크리스퍼 클래식BLT, 몬스터와퍼",,음료&디저트
BurgerKing,순수(미네랄워터),1600,0,0,0.0,0.0,0,0.0,0,0,0,"원산지 쇠고기 - 호주산과 뉴질랜드산 섞음/뉴질랜드산과 호주산 섞음 : 와퍼류, 더블오리지널치즈맥시멈2,3, 원파운더, 골든에그트러플머쉬룸, 딥트러플머쉬룸더블 - 호주산과 뉴질랜드산 섞음/뉴질랜드산과 호주산 섞음 : 버거류 (주니어 포함) - 호주산과 뉴질랜드산 섞음 : 오리지널스 뉴욕스테이크, 오리지널스 메이플갈릭 * 와퍼류와 버거류의 쇠고기 원산지는 버거킹 APP 또는 매장 영수증, 주문 전 매장에서 확인 가능합니다. 돼지고기 - 외국산 : 베이컨(오리지널스 뉴욕스테이크, 오리지널스 메이플갈릭, 크리스퍼 클래식BLT, 몬스터와퍼",,음료&디저트
